  397.0000;  301.0000;  195.7345;    0.4702
  397.0000;  301.0000;  195.7345;    0.3764
  400.0000;  300.0000;  198.0404;    0.2657
  397.0000;  301.0000;  198.0909;    0.2528
  398.0000;  299.0000;  198.3986;    0.2496
  402.0000;  298.0000;  197.1446;    0.2950
  398.0000;  299.0000;  198.3053;    0.4753
  398.0000;  299.0000;  198.2524;    0.4697
  399.0000;  298.0000;  196.2371;    0.5311
  399.0000;  301.0000;  198.6001;    0.1409
  398.0000;  300.0000;  196.4739;    0.2021
  403.0000;  304.0000;  197.7726;    0.4158
  399.0000;  302.0000;  197.3069;    0.6396
  395.0000;  301.0000;  199.2486;    0.2749
  399.0000;  301.0000;  198.0404;    0.6890
  398.0000;  303.0000;  198.2826;    0.6570
  400.0000;  299.0000;  197.2029;    0.3923
  399.0000;  303.0000;  198.3633;    0.6155
  399.0000;  300.0000;  198.0732;    0.1790
  398.0000;  295.0000;  195.6732;    0.1955
  397.0000;  298.0000;  197.5905;    0.3307
  399.0000;  301.0000;  197.0025;    0.2324
  398.0000;  301.0000;  196.3288;    0.6082
  397.0000;  298.0000;  199.9125;    0.4509
  400.0000;  299.0000;  198.6681;    0.4554
  401.0000;  296.0000;  197.3854;    0.2556
  399.0000;  302.0000;  197.3626;    0.6108
  407.0000;  289.0000;  208.0024;    0.3810
  398.0000;  295.0000;  197.1624;    0.5797
  397.0000;  300.0000;  196.7867;    0.2909
  400.0000;  300.0000;  198.2044;    0.4875
  398.0000;  301.0000;  198.2145;    0.6367
  401.0000;  296.0000;  197.3069;    0.3892
  399.0000;  294.0000;  197.0305;    0.3539
  396.0000;  302.0000;  198.7259;    0.4353
  400.0000;  300.0000;  196.3314;    0.1755
  397.0000;  299.0000;  197.3145;    0.3078
  482.0000;  333.0000;  278.8207;    0.6421
  397.0000;  299.0000;  199.2636;    0.3592
  399.0000;  298.0000;  198.2171;    0.3839
  396.0000;  298.0000;  197.5905;    0.5986
  396.0000;  297.0000;  196.6443;    0.2377
  401.0000;  302.0000;  195.6732;    0.1585
  400.0000;  300.0000;  198.0631;    0.4766
  393.0000;  301.0000;  195.1666;    0.5990
  390.0000;  309.0000;  191.0236;    0.3313
  396.0000;  298.0000;  196.8146;    0.2522
  399.0000;  299.0000;  199.8049;    0.5605
  395.0000;  299.0000;  195.5326;    0.3049
  400.0000;  299.0000;  198.9171;    0.2791
  400.0000;  297.0000;  196.9873;    0.5189
  398.0000;  299.0000;  198.0354;    0.2085
  399.0000;  298.0000;  198.2044;    0.0743
  399.0000;  298.0000;  200.4495;    0.3474
  398.0000;  299.0000;  197.9520;    0.2485
  401.0000;  298.0000;  197.8004;    0.1730
  401.0000;  300.0000;  195.4738;    0.4417
  397.0000;  299.0000;  197.7321;    0.2758
  401.0000;  302.0000;  196.5121;    0.1138
  397.0000;  300.0000;  197.7397;    0.3497
  398.0000;  303.0000;  196.7257;    0.2338
  400.0000;  300.0000;  195.8877;    0.5608
  394.0000;  301.0000;  197.7675;    0.3069
  397.0000;  299.0000;  200.0025;    0.1621
  401.0000;  299.0000;  196.3110;    0.2564
  400.0000;  298.0000;  197.7675;    0.3423
  401.0000;  302.0000;  194.3631;    0.4373
  398.0000;  297.0000;  195.7805;    0.2395
  398.0000;  299.0000;  197.7397;    0.2741
  398.0000;  298.0000;  199.2486;    0.1701
  400.0000;  300.0000;  197.4285;    0.5054
  399.0000;  299.0000;  199.1231;    0.6349
  402.0000;  299.0000;  197.0025;    0.2930
  399.0000;  299.0000;  198.7360;    0.3956
  396.0000;  300.0000;  195.0000;    0.4725
  396.0000;  300.0000;  197.6765;    0.3673
  396.0000;  299.0000;  199.6246;    0.7081
  399.0000;  300.0000;  197.4968;    0.5505
  399.0000;  299.0000;  199.4893;    0.4521
  399.0000;  307.0000;  197.1852;    0.9385
  400.0000;  300.0000;  197.4968;    0.3949
  392.0000;  301.0000;  197.0025;    0.2644
  399.0000;  295.0000;  193.5691;    0.6037
  397.0000;  297.0000;  195.4405;    0.3703
  395.0000;  301.0000;  198.0808;    0.4522
  399.0000;  300.0000;  197.5677;    0.5184
  402.0000;  299.0000;  197.8206;    0.3421
  401.0000;  299.0000;  198.1616;    0.3262
  403.0000;  301.0000;  195.2562;    0.5131
  399.0000;  299.0000;  198.2851;    0.4103
  402.0000;  299.0000;  196.6977;    0.3310
  399.0000;  302.0000;  198.5951;    0.2593
  400.0000;  302.0000;  195.2076;    0.2413
  397.0000;  299.0000;  197.4082;    0.2975
  400.0000;  299.0000;  197.5171;    0.4501
  399.0000;  302.0000;  196.7028;    0.4690
  400.0000;  300.0000;  198.0404;    0.2526
  399.0000;  299.0000;  198.5649;    0.2672
  400.0000;  299.0000;  197.3449;    0.5214
  400.0000;  298.0000;  195.4201;    0.4240
  391.0000;  301.0000;  194.3116;    0.2983
  402.0000;  297.0000;  197.8004;    0.6150
  399.0000;  301.0000;  198.4943;    0.3362
  400.0000;  299.0000;  197.9419;    0.3927
  400.0000;  299.0000;  198.4061;    0.5336
  401.0000;  300.0000;  198.2978;    0.4199
  397.0000;  302.0000;  195.2895;    0.6720
  399.0000;  299.0000;  197.0406;    0.2935
  397.0000;  298.0000;  199.2636;    0.3449
  399.0000;  301.0000;  197.6993;    0.4519
  395.0000;  299.0000;  196.0102;    0.4296
  396.0000;  297.0000;  197.4259;    0.2963
  399.0000;  302.0000;  195.0410;    0.3712
  404.0000;  301.0000;  196.5960;    0.7183
  398.0000;  298.0000;  198.0404;    0.2841
  402.0000;  295.0000;  197.9949;    0.7357
  399.0000;  300.0000;  198.4364;    0.2423
  399.0000;  301.0000;  198.5875;    0.7564
  401.0000;  300.0000;  196.6571;    0.5889
  393.0000;  297.0000;  195.2434;    0.2804
  398.0000;  294.0000;  198.0404;    0.5153
  398.0000;  299.0000;  198.0732;    0.2893
  405.0000;  301.0000;  197.2029;    0.4822
  397.0000;  299.0000;  197.0228;    0.6312
  399.0000;  299.0000;  198.7989;    0.4824
  398.0000;  300.0000;  196.7968;    0.7073
  398.0000;  302.0000;  199.0226;    0.4759
  400.0000;  299.0000;  198.8064;    0.5172
  396.0000;  304.0000;  198.1565;    0.7460
  397.0000;  297.0000;  196.2906;    0.5631
  397.0000;  299.0000;  199.4919;    0.6627
  399.0000;  297.0000;  197.7321;    0.4173
  401.0000;  301.0000;  196.0944;    0.3624
  401.0000;  296.0000;  199.1231;    0.5638
  403.0000;  297.0000;  201.0224;    0.4308
  400.0000;  302.0000;  198.0404;    0.4256
  398.0000;  298.0000;  197.7296;    0.4747
  398.0000;  302.0000;  195.0103;    0.4303
  397.0000;  300.0000;  198.1716;    0.1400
  398.0000;  296.0000;  201.0100;    0.5348
  400.0000;  299.0000;  198.9573;    0.2658
  396.0000;  299.0000;  197.0609;    0.1531
  399.0000;  298.0000;  197.0000;    0.4075
  430.0000;  259.0000;  245.2040;    0.6812
  403.0000;  301.0000;  196.4612;    0.3602
  398.0000;  297.0000;  196.8477;    0.3909
  395.0000;  295.0000;  199.0100;    0.4890
  402.0000;  299.0000;  196.9188;    0.3372
  400.0000;  302.0000;  197.2055;    0.6020
  401.0000;  298.0000;  196.6215;    0.4980
  398.0000;  299.0000;  199.0025;    0.6223
  399.0000;  301.0000;  196.8654;    0.6620
  399.0000;  299.0000;  197.4487;    0.5807
  401.0000;  301.0000;  198.7586;    0.3546
  399.0000;  299.0000;  197.4968;    0.2107
  399.0000;  299.0000;  199.0603;    0.2952
  405.0000;  299.0000;  196.6520;    0.5531
  405.0000;  297.0000;  199.4618;    0.2610
  398.0000;  298.0000;  198.7083;    0.2626
  399.0000;  300.0000;  194.6587;    0.4021
  399.0000;  297.0000;  199.9700;    0.5151
  400.0000;  298.0000;  198.1767;    0.5986
  400.0000;  298.0000;  198.1565;    0.3354
  399.0000;  299.0000;  199.9700;    0.4160
  394.0000;  303.0000;  192.7823;    0.2730
  400.0000;  299.0000;  197.2460;    0.3768
  399.0000;  299.0000;  198.3986;    0.4433
  399.0000;  294.0000;  195.3458;    0.2944
  399.0000;  295.0000;  202.0742;    0.3274
  397.0000;  299.0000;  198.6454;    0.3773
  401.0000;  290.0000;  206.9034;    0.4235
  400.0000;  299.0000;  198.3053;    0.4508
  399.0000;  303.0000;  196.2295;    0.5386
  400.0000;  298.0000;  198.6454;    0.4417
  398.0000;  301.0000;  197.8004;    0.2401
  393.0000;  301.0000;  195.0000;    0.3522
  403.0000;  293.0000;  196.9391;    0.8311
  399.0000;  297.0000;  198.1716;    0.3107
  399.0000;  299.0000;  198.6001;    0.1780
  401.0000;  298.0000;  196.7054;    0.2831
  401.0000;  298.0000;  199.4242;    0.4836
  400.0000;  298.0000;  199.0075;    0.4858
  392.0000;  299.0000;  197.3271;    0.1925
  401.0000;  297.0000;  199.6021;    0.1501
  399.0000;  299.0000;  199.4492;    0.3149
  400.0000;  298.0000;  195.9413;    0.2396
  399.0000;  301.0000;  197.9596;    0.3162
  400.0000;  298.0000;  198.6681;    0.2955
  399.0000;  300.0000;  196.7587;    0.4223
  399.0000;  300.0000;  199.0603;    0.3515
  400.0000;  299.0000;  198.5397;    0.3698
  398.0000;  299.0000;  198.3053;    0.4283
  394.0000;  295.0000;  197.9747;    0.1454
  397.0000;  299.0000;  198.6404;    0.4299
  400.0000;  298.0000;  198.7360;    0.2115
  399.0000;  299.0000;  199.4919;    0.5999
  395.0000;  299.0000;  196.9188;    0.2610
  398.0000;  298.0000;  196.1632;    0.3886
  399.0000;  298.0000;  196.5401;    0.5252
  399.0000;  299.0000;  198.9271;    0.4919
  398.0000;  299.0000;  198.9623;    0.2733
  400.0000;  297.0000;  198.7285;    0.4478
  402.0000;  297.0000;  198.2851;    0.4018
  399.0000;  298.0000;  198.6001;    0.1949
  399.0000;  300.0000;  198.1338;    0.1731
  399.0000;  303.0000;  195.6451;    0.2856
  402.0000;  296.0000;  196.0230;    0.2616
  399.0000;  303.0000;  198.8618;    0.4078
  400.0000;  298.0000;  198.1161;    0.2932
  399.0000;  299.0000;  198.3053;    0.2527
  401.0000;  301.0000;  198.4061;    0.3116
  404.0000;  292.0000;  200.1924;    0.5573
  399.0000;  299.0000;  198.0000;    0.3416
  400.0000;  298.0000;  198.6454;    0.3980
  401.0000;  300.0000;  197.4740;    0.4002
  398.0000;  300.0000;  197.6993;    0.2807
  399.0000;  299.0000;  198.4364;    0.5524
  400.0000;  300.0000;  198.6454;    0.1992
  400.0000;  298.0000;  198.5397;    0.3391
  399.0000;  303.0000;  196.7587;    0.1158
  399.0000;  295.0000;  197.9520;    0.4679
  401.0000;  301.0000;  197.4968;    0.5325
  399.0000;  300.0000;  197.4335;    0.5863
  399.0000;  298.0000;  198.3457;    0.6246
  397.0000;  297.0000;  197.9141;    0.4266
  402.0000;  299.0000;  196.9467;    0.6783
  399.0000;  298.0000;  199.6121;    0.3058
  398.0000;  297.0000;  198.4364;    0.4321
  399.0000;  299.0000;  197.4968;    0.1564
  398.0000;  299.0000;  199.4893;    0.5669
  399.0000;  299.0000;  199.2185;    0.6456
  398.0000;  298.0000;  197.7170;    0.7642
  398.0000;  297.0000;  193.9407;    0.3445
  399.0000;  300.0000;  198.9623;    0.7787
  398.0000;  299.0000;  198.9271;    0.2426
  404.0000;  299.0000;  197.2536;    0.5619
  399.0000;  291.0000;  203.8357;    0.5279
  405.0000;  306.0000;  197.5854;    0.2220
  399.0000;  298.0000;  199.4492;    0.5119
  400.0000;  302.0000;  195.9413;    0.3524
  405.0000;  300.0000;  195.6016;    0.2938
  400.0000;  298.0000;  199.2787;    0.3129
  395.0000;  300.0000;  197.0406;    0.4012
  399.0000;  299.0000;  197.5247;    0.3996
  400.0000;  298.0000;  199.1231;    0.5465
  401.0000;  301.0000;  196.2371;    0.4961
  399.0000;  297.0000;  199.4818;    0.6200
  402.0000;  298.0000;  199.0000;    0.2930
  411.0000;  312.0000;  209.8595;    0.5076
  395.0000;  290.0000;  202.2474;    0.5231
  400.0000;  298.0000;  196.6520;    0.3403
  393.0000;  306.0000;  206.4219;    0.5543
  399.0000;  297.0000;  197.6082;    0.4812
  399.0000;  299.0000;  199.4242;    0.2532
  395.0000;  301.0000;  197.8737;    0.6795
  396.0000;  300.0000;  197.6866;    0.7215
  400.0000;  301.0000;  196.6977;    0.4068
  398.0000;  298.0000;  197.4361;    0.5621
  404.0000;  301.0000;  195.4738;    0.6187
  401.0000;  298.0000;  197.2258;    0.3696
  399.0000;  299.0000;  198.9573;    0.2982
  397.0000;  297.0000;  197.0228;    0.3731
  399.0000;  301.0000;  197.5677;    0.2019
  393.0000;  302.0000;  200.3397;    0.3396
  401.0000;  299.0000;  197.7675;    0.5300
  394.0000;  299.0000;  194.0309;    0.2466
  397.0000;  302.0000;  198.7159;    0.3297
  399.0000;  299.0000;  198.7687;    0.2598
  400.0000;  296.0000;  196.6647;    0.2177
  397.0000;  301.0000;  198.3129;    0.5281
  397.0000;  299.0000;  198.6681;    0.4495
  399.0000;  299.0000;  199.9700;    0.4081
  399.0000;  300.0000;  199.0603;    0.7034
  400.0000;  299.0000;  197.5854;    0.2741
  399.0000;  299.0000;  198.8794;    0.2602
  398.0000;  300.0000;  199.1231;    0.5550
  400.0000;  304.0000;  196.5731;    0.6207
  400.0000;  296.0000;  197.0102;    0.3310
  397.0000;  300.0000;  199.4618;    0.5936
  399.0000;  302.0000;  197.0228;    0.4012
  399.0000;  299.0000;  199.1607;    0.6549
  399.0000;  300.0000;  198.5951;    0.5817
  400.0000;  300.0000;  198.1565;    0.5323
  398.0000;  300.0000;  197.3069;    0.5733
  401.0000;  300.0000;  197.8914;    0.4260
  397.0000;  298.0000;  198.7259;    0.5233
  399.0000;  299.0000;  199.1607;    0.1624
  399.0000;  300.0000;  199.4492;    0.3871
  398.0000;  293.0000;  198.3053;    0.3358
  387.0000;  295.0000;  196.2906;    0.4416
  397.0000;  301.0000;  198.1540;    0.4920
  401.0000;  301.0000;  196.9010;    0.4461
  392.0000;  294.0000;  204.7071;    0.7083
  393.0000;  311.0000;  201.1368;    0.4730
  401.0000;  302.0000;  193.8298;    0.3294
  404.0000;  300.0000;  197.2029;    0.3002
  398.0000;  298.0000;  197.1243;    0.2411
  398.0000;  299.0000;  197.6487;    0.4433
  400.0000;  298.0000;  198.1565;    0.1876
  400.0000;  300.0000;  198.6580;    0.4499
  360.0000;  298.0000;  232.1056;    0.2500
  398.0000;  298.0000;  198.2952;    0.2809
  398.0000;  298.0000;  199.4242;    0.4153
  399.0000;  298.0000;  199.5520;    0.2093
  400.0000;  298.0000;  198.4943;    0.5890
  399.0000;  296.0000;  197.3423;    0.1271
  398.0000;  299.0000;  199.4242;    0.3391
  397.0000;  297.0000;  198.0227;    0.3565
  400.0000;  299.0000;  199.2511;    0.3840
  395.0000;  296.0000;  202.5562;    0.3585
  397.0000;  299.0000;  198.2826;    0.3345
  398.0000;  297.0000;  196.0918;    0.4721
  398.0000;  300.0000;  196.2906;    0.5171
  397.0000;  300.0000;  199.3239;    0.5610
  401.0000;  299.0000;  198.4565;    0.4208
  400.0000;  299.0000;  196.4205;    0.2385
  400.0000;  296.0000;  201.8167;    0.8690
  400.0000;  298.0000;  196.5731;    0.3817
  400.0000;  300.0000;  199.0226;    0.3896
  399.0000;  301.0000;  197.4665;    0.2978
  403.0000;  301.0000;  198.9296;    0.7260
  401.0000;  295.0000;  195.5556;    0.7671
  399.0000;  300.0000;  197.1446;    0.3515
  403.0000;  299.0000;  196.6215;    0.2954
  401.0000;  299.0000;  197.9091;    0.4410
  399.0000;  298.0000;  199.1808;    0.3585
  397.0000;  298.0000;  198.2372;    0.3452
  398.0000;  300.0000;  198.5800;    0.2306
  400.0000;  299.0000;  199.4492;    0.4971
  399.0000;  296.0000;  197.2029;    0.5137
  401.0000;  299.0000;  197.0406;    0.2206
  400.0000;  300.0000;  198.8618;    0.4192
  402.0000;  298.0000;  196.3288;    0.9490
  399.0000;  299.0000;  197.9596;    0.4672
  400.0000;  298.0000;  198.1237;    0.4012
  404.0000;  297.0000;  196.9772;    0.3289
  397.0000;  301.0000;  196.9391;    0.3929
  393.0000;  297.0000;  197.2536;    0.7144
  400.0000;  301.0000;  197.1852;    0.2416
  399.0000;  299.0000;  195.7601;    0.4518
  399.0000;  301.0000;  198.7989;    0.1963
  398.0000;  299.0000;  196.8172;    0.3330
  400.0000;  299.0000;  198.7083;    0.3196
  398.0000;  303.0000;  189.7630;    0.7726
  397.0000;  300.0000;  200.6440;    0.3096
  399.0000;  307.0000;  196.8248;    0.2101
  398.0000;  301.0000;  197.3955;    0.5468
  399.0000;  299.0000;  197.3271;    0.2717
  398.0000;  298.0000;  197.9520;    0.6527
  398.0000;  300.0000;  197.7170;    0.2124
  397.0000;  300.0000;  199.4818;    0.3444
  400.0000;  301.0000;  197.6487;    0.2084
  400.0000;  300.0000;  198.4364;    0.3889
  398.0000;  298.0000;  197.5854;    0.3512
  400.0000;  298.0000;  198.0404;    0.3249
  401.0000;  298.0000;  198.2751;    0.2285
  399.0000;  295.0000;  196.4586;    0.7969
  398.0000;  299.0000;  199.2486;    0.5224
  398.0000;  302.0000;  197.0025;    0.3736
  397.0000;  300.0000;  197.2055;    0.2656
  401.0000;  295.0000;  197.6487;    0.6065
  396.0000;  300.0000;  194.1391;    0.3829
  399.0000;  300.0000;  199.0603;    0.7144
  400.0000;  305.0000;  198.0101;    0.2446
  396.0000;  297.0000;  195.0231;    0.3613
  399.0000;  298.0000;  198.6404;    0.3179
  399.0000;  297.0000;  196.3517;    0.4062
  402.0000;  306.0000;  196.9772;    0.7971
  397.0000;  300.0000;  197.7094;    0.4351
  400.0000;  298.0000;  198.6479;    0.6253
  399.0000;  299.0000;  198.2952;    0.2013
  402.0000;  302.0000;  197.5905;    0.3128
  393.0000;  290.0000;  200.6838;    0.4391
  399.0000;  301.0000;  197.5171;    0.4373
  399.0000;  301.0000;  197.1624;    0.4476
  399.0000;  297.0000;  196.6215;    0.6061
  398.0000;  300.0000;  198.1767;    0.3362
  374.0000;  349.0000;  242.7447;    0.7882
  399.0000;  298.0000;  195.4891;    0.5275
  397.0000;  300.0000;  196.4306;    0.1546
  399.0000;  298.0000;  198.2978;    0.3400
  399.0000;  300.0000;  196.5960;    0.6810
  397.0000;  300.0000;  199.1808;    0.1749
  402.0000;  299.0000;  196.3288;    0.2636
  398.0000;  298.0000;  194.7434;    0.4413
  399.0000;  301.0000;  196.8477;    0.2000
  401.0000;  298.0000;  198.6983;    0.2614
  399.0000;  298.0000;  198.6454;    0.2567
  403.0000;  298.0000;  193.2382;    0.3080
  398.0000;  296.0000;  199.0226;    0.5185
  398.0000;  299.0000;  198.7285;    0.2591
  401.0000;  299.0000;  198.7083;    0.4327
  399.0000;  300.0000;  197.4285;    0.3216
  396.0000;  304.0000;  196.0867;    0.3964
  394.0000;  301.0000;  196.5731;    0.5048
  399.0000;  299.0000;  199.9700;    0.1439
  399.0000;  306.0000;  196.3084;    0.5242
  397.0000;  301.0000;  196.9568;    0.4195
  399.0000;  295.0000;  198.6580;    0.3545
  397.0000;  304.0000;  196.6215;    0.3198
  400.0000;  297.0000;  196.0230;    0.4884
  400.0000;  302.0000;  195.2050;    0.4597
  402.0000;  297.0000;  197.9596;    0.2421
  399.0000;  296.0000;  197.0025;    0.0897
  397.0000;  300.0000;  197.8914;    0.3462
  404.0000;  300.0000;  194.8333;    0.2799
  399.0000;  298.0000;  198.9296;    0.1835
  400.0000;  298.0000;  197.7170;    0.3458
  403.0000;  298.0000;  196.4688;    0.4152
  404.0000;  299.0000;  197.0305;    0.2561
  398.0000;  299.0000;  197.6993;    0.3955
  399.0000;  299.0000;  198.9196;    0.2237
  399.0000;  296.0000;  195.0000;    0.4275
  400.0000;  297.0000;  198.5649;    0.1779
  400.0000;  296.0000;  200.1250;    0.3669
  397.0000;  296.0000;  196.6647;    0.6415
  398.0000;  299.0000;  199.0603;    0.4644
  397.0000;  302.0000;  192.3148;    0.5153
  399.0000;  298.0000;  198.4969;    0.4121
  399.0000;  298.0000;  198.0909;    0.4442
  397.0000;  296.0000;  197.2536;    0.3151
  399.0000;  300.0000;  198.2372;    0.2028
  400.0000;  299.0000;  198.2171;    0.5698
  401.0000;  301.0000;  197.2536;    0.3247
  399.0000;  303.0000;  196.0867;    0.4744
  399.0000;  299.0000;  198.2145;    0.4011
  399.0000;  304.0000;  194.0773;    0.2415
  396.0000;  299.0000;  195.1640;    0.3663
  397.0000;  302.0000;  198.1338;    0.2607
  400.0000;  299.0000;  198.2851;    0.3090
  400.0000;  302.0000;  198.0025;    0.3475
  400.0000;  300.0000;  198.4036;    0.3495
  396.0000;  297.0000;  199.4618;    0.7531
  395.0000;  299.0000;  196.7359;    0.3802
  403.0000;  296.0000;  195.8877;    0.4905
  400.0000;  302.0000;  194.9410;    0.2377
  399.0000;  299.0000;  199.4242;    0.2929
  394.0000;  295.0000;  198.4943;    0.8495
  401.0000;  301.0000;  196.8248;    0.4031
  401.0000;  299.0000;  196.5731;    0.3342
  397.0000;  297.0000;  192.9819;    0.4057
  402.0000;  298.0000;  197.6765;    0.2831
  397.0000;  299.0000;  198.5170;    0.1253
  400.0000;  298.0000;  197.6183;    0.1972
  399.0000;  300.0000;  198.7259;    0.4340
  399.0000;  301.0000;  197.5702;    0.2406
  399.0000;  299.0000;  198.4868;    0.6281
  399.0000;  301.0000;  195.5633;    0.0867
  401.0000;  299.0000;  198.8819;    0.1549
  399.0000;  299.0000;  198.9095;    0.2099
  399.0000;  298.0000;  200.5517;    0.5026
  390.0000;  287.0000;  212.4924;    0.5651
  400.0000;  299.0000;  199.0025;    0.4617
  407.0000;  300.0000;  193.3494;    0.3640
  399.0000;  295.0000;  197.6917;    0.3696
  387.0000;  278.0000;  221.3527;    0.5571
  399.0000;  298.0000;  198.1565;    0.3743
  400.0000;  300.0000;  198.4943;    0.2501
  327.0000;  275.0000;  267.1722;    0.3263
  397.0000;  297.0000;  196.7359;    0.4542
  399.0000;  297.0000;  198.5951;    0.5132
  399.0000;  294.0000;  196.1250;    0.4360
  400.0000;  293.0000;  198.1161;    0.3693
  399.0000;  300.0000;  199.0100;    0.3590
  400.0000;  300.0000;  198.6555;    0.2109
  397.0000;  299.0000;  197.7726;    0.6262
  400.0000;  299.0000;  198.3129;    0.1950
  402.0000;  297.0000;  196.7257;    0.4195
  399.0000;  299.0000;  199.1607;    0.2218
  398.0000;  302.0000;  198.8064;    0.3694
  399.0000;  300.0000;  198.9296;    0.3005
  400.0000;  299.0000;  199.4843;    0.3714
  396.0000;  297.0000;  197.6487;    0.5917
  398.0000;  299.0000;  196.7257;    0.4324
  400.0000;  298.0000;  196.1632;    0.3307
  399.0000;  299.0000;  198.6454;    0.5196
  398.0000;  298.0000;  197.8737;    0.5627
  399.0000;  300.0000;  198.5397;    0.3217
  400.0000;  301.0000;  196.5426;    0.2678
  388.0000;  298.0000;  205.7183;    0.2809
  401.0000;  301.0000;  195.7805;    0.4452
  398.0000;  302.0000;  199.3314;    0.3697
  399.0000;  300.0000;  198.5951;    0.4684
  400.0000;  300.0000;  198.4263;    0.3579
  400.0000;  299.0000;  198.8064;    0.4671
  401.0000;  298.0000;  197.2536;    0.3187
  400.0000;  298.0000;  198.6001;    0.2753
  398.0000;  302.0000;  197.1624;    0.3970
  400.0000;  300.0000;  198.0909;    0.5145
  399.0000;  299.0000;  199.6021;    0.3171
  398.0000;  299.0000;  199.6246;    0.2671
  399.0000;  299.0000;  197.4361;    0.4290
  399.0000;  300.0000;  198.5875;    0.5357
  399.0000;  300.0000;  197.1218;    0.6744
  402.0000;  295.0000;  199.4618;    0.4894
  402.0000;  296.0000;  197.2663;    0.2007
  398.0000;  298.0000;  198.9799;    0.4445
  399.0000;  303.0000;  199.0603;    0.3826
  396.0000;  299.0000;  198.5875;    0.4137
  400.0000;  300.0000;  197.9899;    0.2215
  400.0000;  297.0000;  198.1540;    0.6129
  400.0000;  299.0000;  197.6259;    0.5604
  398.0000;  296.0000;  197.7094;    0.3424
  401.0000;  299.0000;  197.9091;    0.5449
  399.0000;  301.0000;  197.3145;    0.1520
  397.0000;  300.0000;  197.6866;    0.3963
  400.0000;  296.0000;  197.1903;    0.3825
  402.0000;  297.0000;  195.0641;    0.2115
  396.0000;  293.0000;  198.4061;    0.3062
  399.0000;  301.0000;  198.1540;    0.2575
  400.0000;  300.0000;  198.1161;    0.6281
  400.0000;  298.0000;  197.8004;    0.5431
  400.0000;  299.0000;  197.0406;    0.3653
  399.0000;  299.0000;  198.2751;    0.5296
  403.0000;  299.0000;  195.4738;    0.1657
  399.0000;  298.0000;  198.1136;    0.3918
  403.0000;  293.0000;  195.0641;    0.2680
  404.0000;  293.0000;  198.7083;    0.2737
  400.0000;  301.0000;  197.7397;    0.2717
  398.0000;  298.0000;  199.3038;    0.3918
  401.0000;  298.0000;  195.7805;    0.4535
  398.0000;  299.0000;  199.0779;    0.8501
  399.0000;  300.0000;  198.5875;    0.2089
  399.0000;  301.0000;  198.1767;    0.5013
  398.0000;  304.0000;  199.6497;    0.3562
  396.0000;  299.0000;  196.4510;    0.2843
  398.0000;  301.0000;  197.2942;    0.1450
  398.0000;  297.0000;  197.6866;    0.2128
  398.0000;  297.0000;  197.6082;    0.5027
  400.0000;  300.0000;  198.3381;    0.5704
  398.0000;  300.0000;  198.8492;    0.6211
  401.0000;  300.0000;  194.4865;    0.3792
  401.0000;  302.0000;  196.1046;    0.3182
  399.0000;  302.0000;  195.8979;    0.3662
  404.0000;  298.0000;  197.0228;    0.2015
  398.0000;  296.0000;  197.1624;    0.4760
  398.0000;  298.0000;  199.1808;    0.5785
  400.0000;  298.0000;  198.0328;    0.2500
  399.0000;  298.0000;  197.8004;    0.5455
  399.0000;  299.0000;  197.7726;    0.4596
  400.0000;  298.0000;  198.8291;    0.1528
  400.0000;  295.0000;  197.8737;    0.4221
  394.0000;  295.0000;  194.7434;    0.5849
  399.0000;  302.0000;  197.3626;    0.3266
  400.0000;  298.0000;  196.0102;    0.4227
  399.0000;  299.0000;  198.3053;    0.1941
  397.0000;  299.0000;  196.2295;    0.4211
  402.0000;  300.0000;  195.4891;    0.3786
  400.0000;  295.0000;  197.9091;    0.2297
  397.0000;  296.0000;  197.5905;    0.6855
  399.0000;  299.0000;  198.4061;    0.3664
  396.0000;  300.0000;  198.5951;    0.3164
  401.0000;  301.0000;  196.6520;    0.2497
  396.0000;  301.0000;  196.3110;    0.3092
  400.0000;  299.0000;  198.2751;    0.2952
  398.0000;  300.0000;  198.0101;    0.2789
  396.0000;  303.0000;  196.1734;    0.3981
  398.0000;  299.0000;  198.2978;    0.3871
  398.0000;  300.0000;  199.2109;    0.5089
  401.0000;  299.0000;  196.9873;    0.6755
  406.0000;  298.0000;  191.4706;    0.3196
  403.0000;  303.0000;  196.0842;    0.7101
  402.0000;  300.0000;  198.5800;    0.2886
  400.0000;  298.0000;  197.0000;    0.4936
  400.0000;  301.0000;  198.0404;    0.1841
  398.0000;  300.0000;  197.6082;    0.1932
  401.0000;  305.0000;  195.0641;    0.1869
  400.0000;  300.0000;  198.3230;    0.5610
  401.0000;  299.0000;  198.3986;    0.2573
  352.0000;  266.0000;  244.6957;    0.1995
  397.0000;  298.0000;  198.4061;    0.6562
  397.0000;  291.0000;  197.0913;    0.3984
  400.0000;  293.0000;  198.5674;    0.5419
  402.0000;  299.0000;  198.7586;    0.4313
  398.0000;  297.0000;  197.0913;    0.4762
  399.0000;  301.0000;  198.7083;    0.2853
  398.0000;  304.0000;  196.1734;    0.1871
  400.0000;  301.0000;  198.0227;    0.8016
  396.0000;  298.0000;  197.8004;    0.4695
  401.0000;  302.0000;  197.4892;    0.3181
  398.0000;  299.0000;  198.2171;    0.4694
  395.0000;  293.0000;  198.4969;    0.2902
  402.0000;  296.0000;  201.3579;    0.4760
  402.0000;  301.0000;  195.5761;    0.4597
  396.0000;  299.0000;  197.2536;    0.6117
  396.0000;  300.0000;  196.7028;    0.3980
  399.0000;  300.0000;  196.8807;    0.1948
  400.0000;  301.0000;  194.4274;    0.6988
  399.0000;  300.0000;  198.4036;    0.2731
  397.0000;  298.0000;  197.6689;    0.2442
  397.0000;  302.0000;  196.1632;    0.1520
  399.0000;  299.0000;  197.9520;    0.2448
  398.0000;  297.0000;  197.0913;    0.1721
  399.0000;  299.0000;  199.4492;    0.3978
  397.0000;  298.0000;  199.9025;    0.5791
  401.0000;  300.0000;  197.8737;    0.2686
  395.0000;  302.0000;  196.3670;    0.5541
  399.0000;  301.0000;  198.4364;    0.4122
  396.0000;  300.0000;  196.8654;    0.1704
  440.0000;  103.0000;  390.8005;    0.3936
  401.0000;  295.0000;  198.6001;    0.7418
  398.0000;  299.0000;  197.2232;    0.3254
  397.0000;  299.0000;  198.4565;    0.2497
  401.0000;  290.0000;  195.0000;    0.3630
  399.0000;  299.0000;  197.5702;    0.4020
  400.0000;  304.0000;  195.2562;    0.3337
  400.0000;  299.0000;  198.6454;    0.9139
  399.0000;  296.0000;  196.3594;    0.6989
  401.0000;  296.0000;  197.0406;    0.0985
  397.0000;  298.0000;  196.6977;    0.1175
  410.0000;  297.0000;  209.3036;    0.4058
  399.0000;  299.0000;  198.4061;    0.2413
  402.0000;  301.0000;  194.8256;    0.3128
  396.0000;  298.0000;  195.6732;    0.7160
  398.0000;  299.0000;  198.1716;    0.6891
  399.0000;  301.0000;  198.0909;    0.6983
  398.0000;  299.0000;  198.8819;    0.3647
  398.0000;  300.0000;  197.4740;    0.3251
  400.0000;  300.0000;  198.0101;    0.8033
  402.0000;  294.0000;  197.3854;    0.2624
  400.0000;  296.0000;  197.9899;    0.3839
  399.0000;  301.0000;  197.0000;    0.5667
  399.0000;  299.0000;  196.9391;    0.7040
  430.0000;  203.0000;  285.2402;    0.1160
  399.0000;  301.0000;  197.4968;    0.3697
  374.0000;  263.0000;  234.0684;    0.2369
  398.0000;  298.0000;  197.8914;    0.4919
  402.0000;  296.0000;  193.5975;    0.2927
  400.0000;  301.0000;  195.5428;    0.1827
  398.0000;  298.0000;  200.0000;    0.4695
  399.0000;  299.0000;  197.0913;    0.1848
  400.0000;  302.0000;  197.4259;    0.5555
  400.0000;  295.0000;  195.1640;    0.2774
  398.0000;  298.0000;  200.4495;    0.4079
  399.0000;  300.0000;  198.9296;    0.3089
  378.0000;  301.0000;  212.5088;    0.4264
  398.0000;  300.0000;  195.8801;    0.3580
  400.0000;  297.0000;  198.2044;    0.1506
  400.0000;  298.0000;  196.7054;    0.4732
  399.0000;  299.0000;  197.2308;    0.3350
  399.0000;  299.0000;  197.9949;    0.4404
  402.0000;  297.0000;  197.7726;    0.2391
  398.0000;  299.0000;  194.5893;    0.2964
  403.0000;  299.0000;  197.3423;    0.5472
  400.0000;  297.0000;  197.8004;    0.1925
  400.0000;  301.0000;  197.2232;    0.3646
  399.0000;  301.0000;  197.7524;    0.3240
  399.0000;  300.0000;  198.5649;    0.6531
  393.0000;  295.0000;  196.1556;    0.3478
  400.0000;  297.0000;  198.7159;    0.4312
  400.0000;  299.0000;  198.8064;    0.1668
  380.0000;  251.0000;  244.9102;    0.6117
  403.0000;  302.0000;  196.7562;    0.2894
  398.0000;  298.0000;  198.8794;    0.1676
  402.0000;  301.0000;  196.9772;    0.1545
  401.0000;  299.0000;  197.2308;    0.4652
  400.0000;  300.0000;  198.5875;    0.3201
  400.0000;  298.0000;  197.7296;    0.2802
  400.0000;  300.0000;  198.9296;    0.4103
  400.0000;  300.0000;  198.0101;    0.3275
  399.0000;  299.0000;  198.8416;    0.4868
  400.0000;  298.0000;  198.5674;    0.6325
  396.0000;  295.0000;  194.4865;    0.5185
  399.0000;  301.0000;  197.5854;    0.4387
  399.0000;  299.0000;  198.9171;    0.3130
  400.0000;  301.0000;  197.7397;    0.3808
  398.0000;  297.0000;  198.3986;    0.2190
  399.0000;  300.0000;  198.0126;    0.4843
  399.0000;  299.0000;  197.2841;    0.3654
  397.0000;  301.0000;  198.3230;    0.4037
  400.0000;  300.0000;  198.1136;    0.4004
  392.0000;  300.0000;  197.9141;    0.3373
  402.0000;  302.0000;  198.3457;    0.2428
  402.0000;  298.0000;  196.6520;    0.3695
  399.0000;  298.0000;  198.6983;    0.5242
  398.0000;  300.0000;  198.1338;    0.3793
  400.0000;  299.0000;  196.8883;    0.4146
  400.0000;  299.0000;  197.3069;    0.6597
  402.0000;  297.0000;  196.2244;    0.6229
  398.0000;  300.0000;  197.4259;    0.3265
  392.0000;  303.0000;  194.7434;    0.5048
  400.0000;  297.0000;  197.2055;    0.3343
  397.0000;  301.0000;  196.9391;    0.3712
  399.0000;  296.0000;  198.9799;    0.5524
  401.0000;  296.0000;  196.0230;    0.4188
  393.0000;  294.0000;  197.7524;    0.7358
  395.0000;  299.0000;  199.9050;    0.2699
  400.0000;  298.0000;  198.2171;    0.5352
  391.0000;  297.0000;  193.8298;    0.2318
  406.0000;  298.0000;  198.0404;    0.3582
  399.0000;  299.0000;  197.8004;    0.2836
  397.0000;  299.0000;  196.0000;    0.4761
  400.0000;  296.0000;  194.4351;    0.3750
  399.0000;  286.0000;  208.3315;    0.4119
  397.0000;  300.0000;  200.0025;    0.5146
  398.0000;  299.0000;  198.0808;    0.2955
  398.0000;  298.0000;  199.2712;    0.2521
  400.0000;  298.0000;  196.9467;    0.2502
  402.0000;  298.0000;  195.7396;    0.4816
  399.0000;  299.0000;  198.8416;    0.3422
  396.0000;  302.0000;  199.5645;    0.6862
  397.0000;  298.0000;  200.9602;    0.3657
  402.0000;  298.0000;  195.7396;    0.3039
  399.0000;  296.0000;  198.3230;    0.5061
  401.0000;  299.0000;  196.8883;    0.2828
  395.0000;  297.0000;  195.0231;    0.5024
  395.0000;  304.0000;  193.2097;    0.3411
  397.0000;  300.0000;  197.8004;    0.6871
  393.0000;  296.0000;  196.1734;    0.4847
  396.0000;  304.0000;  197.4968;    0.7853
  400.0000;  295.0000;  199.7223;    0.1785
  396.0000;  300.0000;  198.7285;    0.6621
  397.0000;  307.0000;  195.4124;    0.5593
  397.0000;  301.0000;  196.3314;    0.4073
  401.0000;  295.0000;  195.2255;    0.3736
  378.0000;  297.0000;  214.4621;    0.3972
  398.0000;  297.0000;  197.6866;    0.5050
  437.0000;  273.0000;  237.6931;    0.3839
  398.0000;  300.0000;  197.6487;    0.0996
  403.0000;  300.0000;  198.7285;    0.2515
  401.0000;  299.0000;  198.9271;    0.6492
  398.0000;  304.0000;  195.4738;    0.4187
  400.0000;  299.0000;  199.8324;    0.3884
  396.0000;  301.0000;  198.5875;    0.1962
  398.0000;  303.0000;  198.7612;    0.2190
  397.0000;  300.0000;  197.4968;    0.2426
  396.0000;  299.0000;  194.6124;    0.4402
  399.0000;  299.0000;  197.3677;    0.3085
  398.0000;  298.0000;  198.1136;    0.4472
  396.0000;  299.0000;  201.3579;    0.2946
  398.0000;  304.0000;  197.9899;    0.2185
  402.0000;  298.0000;  196.5960;    0.3853
  402.0000;  300.0000;  195.4329;    0.5135
  397.0000;  299.0000;  196.7587;    0.4326
  398.0000;  299.0000;  199.1507;    0.2071
  399.0000;  299.0000;  197.0609;    0.2190
  398.0000;  300.0000;  197.6487;    0.4851
  397.0000;  297.0000;  196.5960;    0.4051
  399.0000;  301.0000;  198.6983;    0.4078
  401.0000;  299.0000;  197.9091;    0.5741
  398.0000;  300.0000;  195.4942;    0.5365
  401.0000;  301.0000;  196.6215;    0.4422
  400.0000;  298.0000;  195.9796;    0.3986
  399.0000;  299.0000;  198.6454;    0.3201
  393.0000;  298.0000;  199.4041;    0.5912
  400.0000;  299.0000;  198.2851;    0.3524
  401.0000;  298.0000;  196.5121;    0.4225
  403.0000;  299.0000;  197.6082;    0.5301
  399.0000;  300.0000;  199.0603;    0.4391
  398.0000;  298.0000;  198.8064;    0.4177
  395.0000;  298.0000;  197.9419;    0.1732
  399.0000;  297.0000;  197.0228;    0.5169
  398.0000;  299.0000;  199.5645;    0.5216
  399.0000;  297.0000;  197.0178;    0.5884
  398.0000;  299.0000;  197.4968;    0.3437
  397.0000;  300.0000;  196.0612;    0.1832
  399.0000;  300.0000;  198.4036;    0.4851
  403.0000;  296.0000;  196.2091;    0.5669
  397.0000;  301.0000;  193.6001;    0.6372
  397.0000;  297.0000;  197.8408;    0.3278
  402.0000;  299.0000;  197.2029;    0.5274
  397.0000;  298.0000;  197.7170;    0.1414
  400.0000;  301.0000;  197.2029;    0.3238
  398.0000;  297.0000;  197.9899;    0.4200
  407.0000;  303.0000;  197.4082;    0.2027
  397.0000;  300.0000;  193.4994;    0.4711
  399.0000;  300.0000;  197.9520;    0.2995
  397.0000;  297.0000;  198.2044;    0.2368
  399.0000;  299.0000;  198.3381;    0.3361
  398.0000;  299.0000;  199.1507;    0.3046
  398.0000;  300.0000;  198.6454;    0.5505
  399.0000;  298.0000;  198.6001;    0.6451
  398.0000;  300.0000;  197.4487;    0.2427
  400.0000;  300.0000;  197.2536;    0.5644
  390.0000;  296.0000;  196.4739;    0.3743
  398.0000;  299.0000;  198.8165;    0.4567
  402.0000;  299.0000;  195.1666;    0.5146
  399.0000;  299.0000;  199.6246;    0.4080
  402.0000;  298.0000;  196.6571;    0.5867
  399.0000;  299.0000;  199.8825;    0.2395
  395.0000;  296.0000;  197.6487;    0.4117
  398.0000;  300.0000;  198.4943;    0.5557
  395.0000;  291.0000;  197.9596;    0.4402
  400.0000;  299.0000;  195.2076;    0.4734
  400.0000;  299.0000;  199.0603;    0.2990
  399.0000;  300.0000;  197.2029;    0.2152
  403.0000;  296.0000;  196.6977;    0.5133
  400.0000;  300.0000;  197.7296;    0.4362
  402.0000;  298.0000;  200.4121;    0.5795
  397.0000;  301.0000;  196.6367;    0.5298
  399.0000;  300.0000;  197.7397;    0.3824
  400.0000;  297.0000;  197.2460;    0.4399
  401.0000;  299.0000;  197.3854;    0.4675
  399.0000;  300.0000;  199.0226;    0.1803
  399.0000;  299.0000;  199.4618;    0.7406
  404.0000;  290.0000;  205.7183;    0.6013
  398.0000;  298.0000;  198.8064;    0.2870
  396.0000;  298.0000;  196.3288;    0.5246
  399.0000;  298.0000;  198.0328;    0.4224
  396.0000;  297.0000;  199.0226;    0.3565
  397.0000;  289.0000;  198.2171;    0.6067
  401.0000;  296.0000;  194.0644;    0.3716
  401.0000;  306.0000;  195.6349;    0.4146
  403.0000;  299.0000;  194.9897;    0.4541
  399.0000;  299.0000;  193.8066;    0.3323
  399.0000;  298.0000;  196.6215;    0.0839
  393.0000;  297.0000;  196.9772;    0.4492
  402.0000;  302.0000;  196.1148;    0.5527
  403.0000;  300.0000;  195.5326;    0.3466
  404.0000;  296.0000;  196.5731;    0.1772
  400.0000;  299.0000;  197.8004;    0.6227
  399.0000;  300.0000;  198.2044;    0.1878
  403.0000;  301.0000;  196.8883;    0.3051
  399.0000;  299.0000;  199.2009;    0.4485
  398.0000;  302.0000;  196.3084;    0.3585
  402.0000;  299.0000;  195.9694;    0.2689
  398.0000;  302.0000;  194.6587;    0.3606
  397.0000;  294.0000;  193.3520;    0.3009
  396.0000;  295.0000;  198.1767;    0.1201
  398.0000;  298.0000;  197.9899;    0.3902
  396.0000;  300.0000;  197.1218;    0.4226
  397.0000;  301.0000;  195.4329;    0.4146
  400.0000;  296.0000;  196.6037;    0.4152
  399.0000;  297.0000;  196.8807;    0.7093
  400.0000;  303.0000;  197.9949;    0.4151
  398.0000;  296.0000;  196.0230;    0.4503
  400.0000;  298.0000;  198.9171;    0.4795
  399.0000;  303.0000;  195.8801;    0.2593
  399.0000;  299.0000;  198.9799;    0.4082
  399.0000;  301.0000;  197.2536;    0.5268
  398.0000;  299.0000;  196.2167;    0.2908
  399.0000;  301.0000;  196.7028;    0.4512
  399.0000;  299.0000;  198.5674;    0.4534
  400.0000;  294.0000;  195.9796;    0.3245
  399.0000;  292.0000;  201.9356;    0.3494
  398.0000;  299.0000;  198.3381;    0.5057
  397.0000;  298.0000;  200.1225;    0.1172
  397.0000;  301.0000;  197.6487;    0.2781
  401.0000;  302.0000;  198.6001;    0.3423
  397.0000;  299.0000;  198.4943;    0.2772
  407.0000;  305.0000;  191.4262;    0.2073
  398.0000;  299.0000;  197.7675;    0.3669
  398.0000;  297.0000;  197.5854;    0.1477
  391.0000;  299.0000;  198.9095;    0.5121
  400.0000;  302.0000;  194.5867;    0.3026
  400.0000;  297.0000;  198.3633;    0.2932
  399.0000;  299.0000;  198.6404;    0.4455
  402.0000;  299.0000;  194.3631;    0.4883
  395.0000;  297.0000;  196.9873;    0.2351
  400.0000;  298.0000;  198.3381;    0.1674
  396.0000;  298.0000;  195.3894;    0.5140
  395.0000;  298.0000;  198.5649;    0.3491
  400.0000;  294.0000;  199.0904;    0.3641
  398.0000;  301.0000;  196.1479;    0.6773
  399.0000;  299.0000;  199.2787;    0.6869
  399.0000;  301.0000;  198.3129;    0.3395
  401.0000;  295.0000;  196.5731;    0.4481
  399.0000;  299.0000;  199.9050;    0.3077
  400.0000;  298.0000;  196.9873;    0.2157
  399.0000;  299.0000;  197.1218;    0.3025
  400.0000;  298.0000;  198.8794;    0.5218
  402.0000;  300.0000;  198.0328;    0.7353
  396.0000;  305.0000;  198.2952;    0.2680
  399.0000;  300.0000;  198.6983;    0.2156
  398.0000;  302.0000;  197.4740;    0.4487
  400.0000;  304.0000;  197.6487;    0.2359
  400.0000;  300.0000;  198.1338;    0.2653
  398.0000;  300.0000;  197.6993;    0.4580
  395.0000;  305.0000;  197.3069;    0.5126
  400.0000;  299.0000;  198.0101;    0.4578
  398.0000;  299.0000;  198.9095;    0.3652
  398.0000;  301.0000;  196.0638;    0.6827
  607.0000;   52.0000;  518.8111;    0.3457
  398.0000;  298.0000;  198.5649;    0.3034
  402.0000;  300.0000;  195.8494;    0.5502
  394.0000;  297.0000;  195.6553;    0.3085
  399.0000;  300.0000;  198.9196;    0.1579
  397.0000;  299.0000;  197.7296;    0.3370
  398.0000;  299.0000;  199.0100;    0.3385
  396.0000;  299.0000;  196.3695;    0.1932
  404.0000;  301.0000;  195.0282;    0.2768
  399.0000;  303.0000;  196.1046;    0.2135
  400.0000;  299.0000;  198.6983;    0.3220
  400.0000;  296.0000;  199.0603;    0.5239
  395.0000;  297.0000;  196.9391;    0.3037
  399.0000;  296.0000;  196.3517;    0.2206
  399.0000;  295.0000;  195.0641;    0.4628
  401.0000;  300.0000;  197.6993;    0.3100
  399.0000;  297.0000;  198.4263;    0.5040
  401.0000;  301.0000;  195.7396;    0.5176
  385.0000;  256.0000;  240.6657;    0.4440
  399.0000;  297.0000;  196.3695;    0.2481
  399.0000;  298.0000;  199.4818;    0.3570
  397.0000;  297.0000;  196.5630;    0.3133
  400.0000;  298.0000;  199.2109;    0.6187
  400.0000;  300.0000;  198.5875;    0.9164
  399.0000;  298.0000;  198.8064;    0.3284
  399.0000;  298.0000;  197.8510;    0.6651
  400.0000;  300.0000;  197.5171;    0.3052
  396.0000;  303.0000;  197.0000;    0.3546
  397.0000;  298.0000;  198.1767;    0.3291
  400.0000;  300.0000;  198.0354;    0.3848
  399.0000;  298.0000;  198.0126;    0.3024
  401.0000;  302.0000;  196.5401;    0.2189
  398.0000;  300.0000;  198.6353;    0.1830
  398.0000;  300.0000;  197.8004;    0.3331
  401.0000;  297.0000;  198.1161;    0.1413
  400.0000;  298.0000;  199.4091;    0.3244
  400.0000;  299.0000;  198.3986;    0.4292
  399.0000;  297.0000;  197.2308;    0.1860
  399.0000;  300.0000;  198.2044;    0.2783
  400.0000;  300.0000;  199.0100;    0.2097
  399.0000;  299.0000;  198.7159;    0.4256
  400.0000;  301.0000;  196.1148;    0.3399
  405.0000;  299.0000;  195.0923;    0.3435
  399.0000;  298.0000;  199.4718;    0.6596
  398.0000;  295.0000;  197.2308;    0.4010
  393.0000;  300.0000;  195.8979;    0.2393
  407.0000;  293.0000;  198.2524;    0.4515
  401.0000;  297.0000;  199.1231;    0.4965
  399.0000;  297.0000;  198.3230;    0.5882
  399.0000;  301.0000;  197.0000;    0.6233
  397.0000;  300.0000;  196.4739;    0.3958
  399.0000;  299.0000;  199.5294;    0.3778
  398.0000;  298.0000;  198.3053;    0.2667
  400.0000;  301.0000;  197.9899;    0.5505
  400.0000;  298.0000;  198.0000;    0.2404
  399.0000;  299.0000;  198.3457;    0.2344
  399.0000;  299.0000;  198.1338;    0.2194
  397.0000;  297.0000;  197.4892;    0.4003
  397.0000;  301.0000;  200.5243;    0.5849
  399.0000;  297.0000;  198.0404;    0.4122
  398.0000;  296.0000;  194.8589;    0.4361
  399.0000;  298.0000;  199.0226;    0.3497
  399.0000;  301.0000;  197.3145;    0.4202
  402.0000;  300.0000;  197.3626;    0.4396
  395.0000;  300.0000;  194.4016;    0.3552
  398.0000;  296.0000;  195.7601;    0.2666
  401.0000;  301.0000;  197.0837;    0.4299
  400.0000;  299.0000;  196.9010;    0.5944
  399.0000;  298.0000;  198.9095;    0.3095
  411.0000;  292.0000;  200.9602;    0.3943
  400.0000;  300.0000;  198.5170;    0.5150
  400.0000;  299.0000;  198.4364;    0.5990
  396.0000;  295.0000;  196.4688;    0.3844
  400.0000;  301.0000;  197.4968;    0.4800
  398.0000;  298.0000;  197.2536;    0.3440
  400.0000;  299.0000;  197.7701;    0.4120
  399.0000;  298.0000;  198.4364;    0.8410
  399.0000;  301.0000;  197.4487;    0.4242
  399.0000;  298.0000;  199.5846;    0.5206
  400.0000;  298.0000;  196.4128;    0.6060
  402.0000;  301.0000;  197.7170;    0.5554
  400.0000;  298.0000;  198.4868;    0.1493
  400.0000;  299.0000;  198.8064;    0.2328
  398.0000;  301.0000;  199.0226;    0.3658
  399.0000;  303.0000;  196.2371;    0.4974
  396.0000;  300.0000;  196.7257;    0.2283
  399.0000;  302.0000;  197.3423;    0.2912
  398.0000;  303.0000;  197.8737;    0.4780
  397.0000;  300.0000;  198.7083;    0.4258
  399.0000;  297.0000;  198.0126;    0.4941
  398.0000;  297.0000;  199.0075;    0.2028
  397.0000;  300.0000;  196.7257;    0.4848
  398.0000;  295.0000;  196.9568;    0.3504
  397.0000;  296.0000;  197.5702;    0.4232
  400.0000;  300.0000;  197.3854;    0.1742
  396.0000;  299.0000;  197.1015;    0.1705
  399.0000;  297.0000;  197.8004;    0.5383
  400.0000;  299.0000;  198.6404;    0.2726
  397.0000;  297.0000;  198.0101;    0.3574
  399.0000;  298.0000;  196.5808;    0.2558
  400.0000;  300.0000;  198.3381;    0.5693
  399.0000;  299.0000;  199.0025;    0.3749
  401.0000;  303.0000;  196.4586;    0.6324
  398.0000;  293.0000;  197.4082;    0.2805
  398.0000;  300.0000;  197.7675;    0.1988
  394.0000;  300.0000;  197.6487;    0.5861
  400.0000;  300.0000;  198.1136;    0.3611
  401.0000;  297.0000;  197.2536;    0.5847
  399.0000;  296.0000;  199.1231;    0.5172
  397.0000;  300.0000;  198.6454;    0.2211
  399.0000;  298.0000;  199.6848;    0.6000
  398.0000;  293.0000;  194.5585;    0.5231
  400.0000;  302.0000;  199.6722;    0.3097
  396.0000;  302.0000;  196.5731;    0.2289
  399.0000;  297.0000;  196.4688;    0.5651
  396.0000;  299.0000;  196.0102;    0.5148
  403.0000;  299.0000;  197.6487;    0.1196
  399.0000;  297.0000;  197.9899;    0.1863
  397.0000;  300.0000;  196.8477;    0.2201
  400.0000;  296.0000;  196.0230;    0.3288
  399.0000;  301.0000;  196.7867;    0.3991
  397.0000;  298.0000;  197.5854;    0.2825
  403.0000;  294.0000;  202.2375;    0.2492
  398.0000;  299.0000;  197.7397;    0.2842
  399.0000;  299.0000;  199.3790;    0.1135
  399.0000;  299.0000;  198.9799;    0.5081
  398.0000;  297.0000;  197.6866;    0.3602
  397.0000;  299.0000;  197.2841;    0.2375
  399.0000;  299.0000;  198.3129;    0.4445
  396.0000;  298.0000;  197.1624;    0.3151
  394.0000;  294.0000;  201.7573;    0.1613
  396.0000;  298.0000;  197.8004;    0.4859
  399.0000;  296.0000;  198.1161;    0.4306
  399.0000;  299.0000;  198.8291;    0.5464
  393.0000;  301.0000;  197.2258;    0.5260
  400.0000;  299.0000;  197.7170;    0.2542
  397.0000;  299.0000;  199.0603;    0.4356
  399.0000;  300.0000;  198.0354;    0.3810
  402.0000;  300.0000;  196.9188;    0.6642
  401.0000;  298.0000;  198.6353;    0.3528
  369.0000;  296.0000;  221.8130;    0.5840
  399.0000;  299.0000;  198.7360;    0.3524
  405.0000;  298.0000;  198.0126;    0.2812
  399.0000;  297.0000;  197.7397;    0.6945
  399.0000;  297.0000;  196.4612;    0.3032
  402.0000;  297.0000;  196.3288;    0.1923
  402.0000;  295.0000;  199.1231;    0.3325
  399.0000;  294.0000;  201.6383;    0.3071
  398.0000;  301.0000;  196.9391;    0.5284
  398.0000;  298.0000;  198.6681;    0.3918
  399.0000;  294.0000;  197.5171;    0.3599
  397.0000;  300.0000;  198.2952;    0.3038
  404.0000;  296.0000;  196.0230;    0.2613
  395.0000;  296.0000;  195.5556;    0.2848
  402.0000;  297.0000;  195.1666;    0.2094
  397.0000;  299.0000;  199.3038;    0.2908
  399.0000;  299.0000;  199.1507;    0.3556
  399.0000;  299.0000;  199.2712;    0.4925
  396.0000;  303.0000;  196.8248;    0.2210
  407.0000;  298.0000;  195.0000;    0.8903
  400.0000;  301.0000;  196.8248;    0.5101
  397.0000;  300.0000;  198.4943;    0.3982
  398.0000;  302.0000;  196.1275;    0.2717
  401.0000;  297.0000;  197.1852;    0.2078
  401.0000;  298.0000;  197.4285;    0.5719
  398.0000;  295.0000;  197.5677;    0.6108
  405.0000;  297.0000;  195.4738;    0.5294
  401.0000;  296.0000;  198.0732;    0.5812
  403.0000;  299.0000;  196.3797;    0.1654
  400.0000;  300.0000;  198.7083;    0.5688
  399.0000;  297.0000;  198.0909;    0.4672
  397.0000;  301.0000;  193.6621;    0.7867
  404.0000;  298.0000;  196.5731;    0.7549
  394.0000;  299.0000;  199.0603;    0.3998
  401.0000;  303.0000;  195.6170;    0.2558
  395.0000;  298.0000;  195.3586;    0.6233
  397.0000;  295.0000;  195.2076;    0.5696
  400.0000;  298.0000;  199.9200;    0.3604
  397.0000;  301.0000;  197.8004;    0.7130
  401.0000;  299.0000;  196.9772;    0.5317
  400.0000;  295.0000;  195.3100;    0.4693
  398.0000;  301.0000;  197.0634;    0.1607
  400.0000;  298.0000;  197.3069;    0.4809
  382.0000;  294.0000;  209.3084;    0.3203
  398.0000;  299.0000;  197.5702;    0.2571
  398.0000;  300.0000;  198.4792;    0.4337
  400.0000;  298.0000;  197.8206;    0.4789
  392.0000;  302.0000;  198.1767;    0.3312
  399.0000;  300.0000;  197.1852;    0.2796
  400.0000;  303.0000;  195.4201;    0.3343
  401.0000;  300.0000;  197.8004;    0.1585
  399.0000;  301.0000;  196.7028;    0.4170
  400.0000;  299.0000;  198.4263;    0.4148
  399.0000;  301.0000;  197.6866;    0.7388
  399.0000;  300.0000;  199.1105;    0.3916
  399.0000;  300.0000;  198.3230;    0.3328
  398.0000;  300.0000;  198.6479;    0.4111
  397.0000;  297.0000;  198.6983;    0.6584
  399.0000;  298.0000;  196.6977;    0.4634
  399.0000;  297.0000;  197.2232;    0.2735
  395.0000;  297.0000;  197.6487;    0.6024
  401.0000;  299.0000;  196.5630;    0.2682
  398.0000;  304.0000;  195.9694;    0.2918
  398.0000;  301.0000;  197.2308;    0.2182
  400.0000;  300.0000;  198.1161;    0.5344
  400.0000;  300.0000;  198.1161;    0.2217
  399.0000;  301.0000;  196.6215;    0.1016
  400.0000;  299.0000;  198.0101;    0.2960
  398.0000;  299.0000;  196.7257;    0.1632
  400.0000;  305.0000;  197.3449;    0.3784
  399.0000;  301.0000;  197.5854;    0.3600
  401.0000;  300.0000;  198.4061;    0.5823
  404.0000;  296.0000;  196.3797;    0.9045
  394.0000;  302.0000;  195.5556;    0.3023
  401.0000;  300.0000;  197.4335;    0.4330
  401.0000;  298.0000;  197.1015;    0.4177
  401.0000;  298.0000;  197.8004;    0.5209
  404.0000;  298.0000;  190.9241;    0.6293
  397.0000;  299.0000;  198.1237;    0.6456
  397.0000;  301.0000;  195.2742;    0.4337
  400.0000;  302.0000;  196.0026;    0.5250
  401.0000;  299.0000;  197.5905;    0.2876
  396.0000;  296.0000;  196.5426;    0.8680
  398.0000;  300.0000;  195.7345;    0.2872
  398.0000;  299.0000;  197.4892;    0.5452
  397.0000;  298.0000;  199.1381;    0.7918
  405.0000;  298.0000;  193.6001;    0.2840
  395.0000;  301.0000;  196.2065;    0.4053
  400.0000;  300.0000;  197.0913;    0.3481
  399.0000;  298.0000;  198.0934;    0.2309
  400.0000;  302.0000;  198.2044;    0.2577
  398.0000;  306.0000;  192.5954;    0.3327
  399.0000;  296.0000;  197.6183;    0.5335
  399.0000;  299.0000;  197.5854;    0.4765
  400.0000;  301.0000;  198.5875;    0.4139
  400.0000;  300.0000;  198.4943;    0.4262
  400.0000;  300.0000;  198.4943;    0.3551
  399.0000;  299.0000;  198.0101;    0.1699
  400.0000;  303.0000;  196.7867;    0.4016
  400.0000;  299.0000;  199.0226;    0.4534
  398.0000;  298.0000;  199.0226;    0.5052
  395.0000;  300.0000;  194.7563;    0.7827
  396.0000;  292.0000;  193.3132;    0.4425
  400.0000;  297.0000;  196.5757;    0.5448
  406.0000;  297.0000;  194.0928;    0.2056
  398.0000;  300.0000;  197.4285;    0.2692
  403.0000;  300.0000;  198.4263;    0.3664
  397.0000;  301.0000;  197.6993;    0.1170
  397.0000;  299.0000;  196.1632;    0.4035
  402.0000;  299.0000;  195.5633;    0.5483
  395.0000;  295.0000;  191.8880;    0.3215
  400.0000;  300.0000;  198.9497;    0.6274
  400.0000;  299.0000;  197.2258;    0.4804
  400.0000;  300.0000;  197.7321;    0.3772
  396.0000;  299.0000;  194.7434;    0.2310
  400.0000;  303.0000;  195.5019;    0.5749
  397.0000;  298.0000;  197.6082;    0.4805
  399.0000;  299.0000;  199.9050;    0.3721
  398.0000;  299.0000;  195.5326;    0.3424
  397.0000;  300.0000;  199.4818;    0.2714
  402.0000;  297.0000;  196.9772;    0.4803
  399.0000;  301.0000;  199.1231;    0.3149
  397.0000;  299.0000;  198.6404;    0.5657
  402.0000;  299.0000;  195.5761;    0.3919
  397.0000;  298.0000;  196.8807;    0.4062
  395.0000;  301.0000;  197.9747;    0.1912
  403.0000;  298.0000;  196.3059;    0.3853
  400.0000;  296.0000;  198.6580;    0.5693
  399.0000;  302.0000;  196.5757;    0.3388
  402.0000;  297.0000;  197.8510;    0.1784
  399.0000;  298.0000;  197.2029;    0.4939
  399.0000;  302.0000;  198.0227;    0.6203
  404.0000;  301.0000;  198.8064;    0.1826
  397.0000;  299.0000;  198.5875;    0.3971
  401.0000;  298.0000;  199.5720;    0.8102
  399.0000;  299.0000;  199.4492;    0.4037
  399.0000;  300.0000;  199.1231;    0.2273
  400.0000;  298.0000;  197.7296;    0.2404
  395.0000;  295.0000;  194.5867;    0.2138
  408.0000;  296.0000;  198.7159;    0.3317
  398.0000;  300.0000;  197.5171;    0.5277
  400.0000;  298.0000;  197.7296;    0.3365
  400.0000;  299.0000;  198.6681;    0.1274
  399.0000;  300.0000;  197.0913;    0.4081
  401.0000;  300.0000;  198.6001;    0.3689
  397.0000;  299.0000;  196.9467;    0.2421
  400.0000;  300.0000;  198.6404;    0.2329
  402.0000;  299.0000;  197.2841;    0.4531
  397.0000;  302.0000;  196.5401;    0.4488
  399.0000;  297.0000;  196.3695;    0.1549
  398.0000;  296.0000;  198.5875;    0.5839
  401.0000;  299.0000;  197.1624;    0.1972
  399.0000;  298.0000;  197.5247;    0.2429
  402.0000;  298.0000;  198.4364;    0.3908
  399.0000;  303.0000;  197.8914;    0.6233
  400.0000;  297.0000;  198.4565;    0.4160
  398.0000;  296.0000;  196.4306;    0.1800
  391.0000;  300.0000;  196.7359;    0.3905
  403.0000;  302.0000;  197.0025;    0.7028
  400.0000;  297.0000;  197.2055;    0.3930
  398.0000;  299.0000;  197.1319;    0.3849
  400.0000;  299.0000;  197.4335;    0.3696
  398.0000;  300.0000;  197.9520;    0.2686
  400.0000;  300.0000;  196.7562;    0.2370
  398.0000;  296.0000;  196.4714;    0.4184
  399.0000;  299.0000;  199.1231;    0.1982
  400.0000;  297.0000;  196.6037;    0.3679
  399.0000;  299.0000;  198.3658;    0.5951
  398.0000;  299.0000;  199.6196;    0.4792
  398.0000;  303.0000;  195.7396;    0.4088
  400.0000;  294.0000;  196.9873;    0.4382
  397.0000;  297.0000;  196.7587;    0.5631
  399.0000;  298.0000;  199.1231;    0.6591
  401.0000;  299.0000;  196.9188;    0.5858
  400.0000;  298.0000;  198.7083;    0.3058
  399.0000;  302.0000;  196.4586;    0.4723
  401.0000;  298.0000;  196.1632;    0.3672
  398.0000;  300.0000;  198.2751;    0.5450
  397.0000;  300.0000;  197.4259;    0.3528
  401.0000;  300.0000;  197.5171;    0.2886
  408.0000;  296.0000;  197.6183;    0.5002
  402.0000;  298.0000;  196.7359;    0.3032
  398.0000;  297.0000;  196.7740;    0.3005
  400.0000;  297.0000;  197.0609;    0.1473
  399.0000;  303.0000;  194.6176;    0.4393
  404.0000;  299.0000;  196.2295;    0.2971
  400.0000;  296.0000;  196.3670;    0.4546
  402.0000;  298.0000;  197.7321;    0.5831
  399.0000;  301.0000;  196.7562;    0.5831
  402.0000;  297.0000;  197.6993;    0.3648
  398.0000;  299.0000;  199.4618;    0.6517
  396.0000;  299.0000;  196.4205;    0.5723
  399.0000;  299.0000;  197.2663;    0.6669
  401.0000;  298.0000;  196.0102;    0.2654
  398.0000;  300.0000;  198.4943;    0.1651
  396.0000;  301.0000;  198.4364;    0.4001
  396.0000;  297.0000;  199.1607;    0.1743
  399.0000;  299.0000;  198.3381;    0.4137
  398.0000;  296.0000;  196.7867;    0.3421
  399.0000;  297.0000;  197.3955;    0.5423
  396.0000;  292.0000;  195.2332;    0.8825
  398.0000;  300.0000;  197.3955;    0.1761
  401.0000;  299.0000;  198.0934;    0.2704
  401.0000;  299.0000;  197.2663;    0.3032
  397.0000;  301.0000;  196.6977;    0.2849
  400.0000;  299.0000;  198.8416;    0.3785
  399.0000;  300.0000;  198.4364;    0.2366
  399.0000;  299.0000;  198.5649;    0.5868
  402.0000;  306.0000;  196.2906;    0.3688
  398.0000;  302.0000;  196.9873;    0.4013
  398.0000;  299.0000;  197.7397;    0.5118
  398.0000;  300.0000;  199.4919;    0.4494
  399.0000;  299.0000;  196.2295;    0.4653
  397.0000;  297.0000;  198.2145;    0.7140
  399.0000;  300.0000;  198.2171;    0.4597
  400.0000;  303.0000;  197.9141;    0.1480
  399.0000;  299.0000;  199.3239;    0.2237
  405.0000;  299.0000;  195.0103;    0.1949
  400.0000;  297.0000;  194.0335;    0.5882
  369.0000;  325.0000;  237.4279;    0.2826
  414.0000;  271.0000;  225.8938;    0.4278
  401.0000;  299.0000;  197.4335;    0.1337
  402.0000;  301.0000;  195.2332;    0.5137
  400.0000;  301.0000;  196.6443;    0.2272
  398.0000;  298.0000;  196.7257;    0.5380
  398.0000;  300.0000;  197.4740;    0.4712
  399.0000;  297.0000;  197.3449;    0.2924
  399.0000;  300.0000;  197.4740;    0.2603
  396.0000;  299.0000;  195.1820;    0.3302
  401.0000;  299.0000;  198.1767;    0.2985
  398.0000;  300.0000;  196.0102;    0.5977
  400.0000;  303.0000;  197.0913;    0.9346
  399.0000;  299.0000;  198.1767;    0.2760
  395.0000;  298.0000;  195.0103;    0.4857
  400.0000;  297.0000;  198.9196;    0.4958
  397.0000;  299.0000;  198.6983;    0.7752
  399.0000;  291.0000;  196.6545;    0.3761
  400.0000;  301.0000;  197.7524;    0.3186
  397.0000;  297.0000;  200.0250;    0.3059
  399.0000;  299.0000;  199.5645;    0.3388
  400.0000;  297.0000;  194.3116;    0.2838
  397.0000;  299.0000;  197.2536;    0.1723
  399.0000;  300.0000;  197.3145;    0.6077
  398.0000;  298.0000;  198.2044;    0.3709
  397.0000;  298.0000;  197.1015;    0.2463
  402.0000;  299.0000;  197.4968;    0.6159
  395.0000;  302.0000;  198.5800;    0.3880
  400.0000;  301.0000;  198.1565;    0.5766
  399.0000;  299.0000;  198.6404;    0.4577
  400.0000;  299.0000;  197.5880;    0.1616
  397.0000;  298.0000;  198.3129;    0.2019
  400.0000;  298.0000;  199.5420;    0.3834
  400.0000;  302.0000;  196.1632;    0.2382
  399.0000;  301.0000;  198.0404;    0.4460
  400.0000;  300.0000;  197.6993;    0.4992
  396.0000;  298.0000;  196.7968;    0.4874
  397.0000;  298.0000;  197.0102;    0.5149
  396.0000;  298.0000;  197.5905;    0.6168
  400.0000;  304.0000;  195.4201;    0.4204
  398.0000;  299.0000;  199.2636;    0.8565
  398.0000;  302.0000;  195.6732;    0.3198
  399.0000;  298.0000;  197.4335;    0.6872
  400.0000;  304.0000;  196.4688;    0.4162
  400.0000;  302.0000;  198.1237;    0.4023
  401.0000;  299.0000;  197.6917;    0.5101
  399.0000;  299.0000;  197.5247;    0.2920
  395.0000;  299.0000;  194.7434;    0.1535
  401.0000;  297.0000;  195.4201;    0.3096
  399.0000;  297.0000;  199.2511;    0.3102
  400.0000;  299.0000;  198.9095;    0.3340
  398.0000;  300.0000;  198.6001;    0.3602
  400.0000;  299.0000;  196.6977;    0.1972
  399.0000;  301.0000;  197.0102;    0.4470
  397.0000;  302.0000;  197.7397;    0.7928
  400.0000;  300.0000;  197.7296;    0.5172
  399.0000;  298.0000;  198.2145;    0.5560
  399.0000;  297.0000;  197.8004;    0.3014
  398.0000;  299.0000;  193.8685;    0.2621
  398.0000;  299.0000;  199.2636;    0.5336
  399.0000;  299.0000;  199.1005;    0.3339
  401.0000;  297.0000;  196.7562;    0.2197
  395.0000;  294.0000;  198.1237;    0.2138
  408.0000;  186.0000;  294.5166;    0.4060
  400.0000;  295.0000;  199.0628;    0.2214
  400.0000;  299.0000;  196.8883;    0.5926
  400.0000;  298.0000;  197.8004;    0.4221
  399.0000;  299.0000;  199.3615;    0.2991
  398.0000;  299.0000;  196.2549;    0.6567
  399.0000;  299.0000;  198.7687;    0.7790
  395.0000;  298.0000;  198.2952;    0.4439
  400.0000;  299.0000;  198.9296;    0.4622
  401.0000;  300.0000;  198.1540;    0.6417
  399.0000;  298.0000;  196.5121;    0.2827
  398.0000;  296.0000;  199.1808;    0.4362
  396.0000;  295.0000;  195.5761;    0.4655
  400.0000;  299.0000;  198.8819;    0.8051
  405.0000;  301.0000;  197.1243;    0.2858
  403.0000;  305.0000;  195.0718;    0.6841
  399.0000;  299.0000;  196.7028;    0.4389
  403.0000;  293.0000;  196.2244;    0.2970
  399.0000;  303.0000;  196.4001;    0.2295
  401.0000;  298.0000;  198.1540;    0.3956
  398.0000;  301.0000;  198.1237;    0.3595
  400.0000;  301.0000;  198.0808;    0.2339
  399.0000;  301.0000;  197.0228;    0.1324
  400.0000;  299.0000;  198.6454;    0.1489
  400.0000;  300.0000;  198.5674;    0.2439
  399.0000;  298.0000;  198.0808;    0.3300
  401.0000;  296.0000;  197.9596;    0.3710
  396.0000;  301.0000;  195.6860;    0.3431
  401.0000;  298.0000;  195.9235;    0.2983
  397.0000;  298.0000;  196.7968;    0.6111
  401.0000;  299.0000;  198.8794;    0.8045
  399.0000;  298.0000;  197.9141;    0.3788
  383.0000;  293.0000;  208.7343;    0.3164
  402.0000;  299.0000;  196.5960;    0.5962
  396.0000;  301.0000;  198.5951;    0.3655
  398.0000;  299.0000;  199.3239;    0.4806
  396.0000;  298.0000;  198.0631;    0.2931
  399.0000;  294.0000;  198.7083;    0.4330
  399.0000;  299.0000;  199.7223;    0.4841
  399.0000;  297.0000;  199.0100;    0.3510
  397.0000;  296.0000;  198.1716;    0.5671
  398.0000;  299.0000;  198.5875;    0.4604
  398.0000;  298.0000;  199.1607;    0.4958
  399.0000;  301.0000;  197.7321;    0.5746
  397.0000;  295.0000;  200.4719;    0.2037
  400.0000;  300.0000;  198.6555;    0.5513
  399.0000;  298.0000;  197.2942;    0.1607
  399.0000;  299.0000;  199.4242;    0.4615
  399.0000;  301.0000;  197.5171;    0.6739
  400.0000;  297.0000;  197.8813;    0.4849
  401.0000;  297.0000;  197.5171;    0.5718
  399.0000;  294.0000;  195.2562;    0.4030
  399.0000;  299.0000;  198.1616;    0.2428
  402.0000;  300.0000;  197.0634;    0.6223
  398.0000;  298.0000;  198.9095;    0.4602
  400.0000;  300.0000;  198.6983;    0.3626
  397.0000;  301.0000;  196.2906;    0.4093
  399.0000;  300.0000;  194.4865;    0.2406
  399.0000;  297.0000;  198.9196;    0.1321
  397.0000;  300.0000;  196.3288;    0.5937
  394.0000;  292.0000;  194.0773;    0.3017
  400.0000;  299.0000;  199.2887;    0.4907
  393.0000;  310.0000;  195.8009;    0.3359
  399.0000;  298.0000;  194.8256;    0.6613
  396.0000;  294.0000;  196.6545;    0.5048
  398.0000;  298.0000;  197.4968;    0.3020
  400.0000;  298.0000;  198.1767;    0.4889
  398.0000;  300.0000;  194.7563;    0.5192
  400.0000;  298.0000;  197.4639;    0.4983
  399.0000;  300.0000;  197.2739;    0.3900
  396.0000;  301.0000;  197.3449;    0.3916
  397.0000;  301.0000;  197.3069;    0.1556
  399.0000;  299.0000;  197.8004;    0.4885
  401.0000;  301.0000;  198.0101;    0.2539
  399.0000;  293.0000;  198.0101;    0.3947
  399.0000;  299.0000;  197.4639;    0.5009
  394.0000;  300.0000;  196.4306;    0.3367
  393.0000;  302.0000;  196.9010;    0.3321
  400.0000;  299.0000;  199.8424;    0.2330
  401.0000;  297.0000;  197.0178;    0.6134
  400.0000;  300.0000;  197.4487;    0.2804
  394.0000;  303.0000;  193.9124;    0.3224
  398.0000;  302.0000;  195.8979;    0.3021
  403.0000;  300.0000;  198.2171;    0.2485
  397.0000;  295.0000;  198.5674;    0.7628
  398.0000;  298.0000;  197.6689;    0.1925
  398.0000;  299.0000;  199.2486;    0.3758
  397.0000;  302.0000;  196.1250;    0.2599
  398.0000;  298.0000;  198.9799;    0.3647
  400.0000;  302.0000;  198.7687;    0.1205
  399.0000;  295.0000;  197.2942;    0.3645
  399.0000;  299.0000;  199.2787;    0.1231
  399.0000;  301.0000;  197.2536;    0.2165
  399.0000;  299.0000;  198.4061;    0.4335
  395.0000;  299.0000;  198.1161;    0.4999
  399.0000;  299.0000;  194.2009;    0.9783
  400.0000;  299.0000;  199.3239;    0.3377
  402.0000;  302.0000;  198.2145;    0.2761
  397.0000;  296.0000;  195.8979;    0.2115
  397.0000;  299.0000;  197.6866;    0.3740
  398.0000;  303.0000;  196.0230;    0.6462
  397.0000;  299.0000;  197.3955;    0.4039
  397.0000;  299.0000;  195.6170;    0.4182
  398.0000;  300.0000;  198.2751;    0.3832
  398.0000;  299.0000;  197.9141;    0.3042
  400.0000;  297.0000;  198.1338;    0.2770
  405.0000;  298.0000;  195.9311;    0.2562
  399.0000;  299.0000;  199.9700;    0.6340
  397.0000;  299.0000;  199.1231;    0.1958
  398.0000;  299.0000;  196.8807;    0.2498
  398.0000;  299.0000;  198.6681;    0.4481
  399.0000;  300.0000;  198.7083;    0.2467
  400.0000;  297.0000;  197.1852;    0.2163
  400.0000;  299.0000;  198.6404;    0.4028
  400.0000;  298.0000;  197.7296;    0.2353
  337.0000;  274.0000;  259.6247;    0.3612
  398.0000;  299.0000;  197.2841;    0.1628
  400.0000;  303.0000;  199.5821;    0.2840
  396.0000;  300.0000;  198.2952;    0.5423
  402.0000;  295.0000;  197.6866;    0.2807
  404.0000;  303.0000;  196.3899;    0.7011
  398.0000;  300.0000;  198.0101;    0.7463
  397.0000;  299.0000;  198.3381;    0.4818
  387.0000;  300.0000;  204.4138;    0.1839
  400.0000;  299.0000;  197.8004;    0.7104
  400.0000;  299.0000;  199.0779;    0.4659
  401.0000;  301.0000;  192.3330;    0.2710
  405.0000;  299.0000;  199.6722;    0.5608
  398.0000;  300.0000;  196.5960;    0.2365
  402.0000;  297.0000;  198.0404;    0.2817
  399.0000;  296.0000;  196.6647;    0.4155
  399.0000;  298.0000;  198.7586;    0.2081
  394.0000;  301.0000;  195.4789;    0.3178
  399.0000;  298.0000;  197.3069;    0.5393
  398.0000;  299.0000;  198.9095;    0.0948
  399.0000;  296.0000;  196.8248;    0.4100
  400.0000;  298.0000;  197.9520;    0.2988
  396.0000;  300.0000;  196.7435;    0.4637
  399.0000;  300.0000;  198.7586;    0.4393
  398.0000;  300.0000;  198.2751;    0.5577
  399.0000;  299.0000;  197.9520;    0.2451
  401.0000;  298.0000;  198.1767;    0.1100
  398.0000;  300.0000;  197.8510;    0.7154
  401.0000;  304.0000;  198.9799;    0.5785
  395.0000;  303.0000;  195.2562;    0.4595
  396.0000;  297.0000;  195.4891;    0.4362
  399.0000;  299.0000;  198.3129;    0.3340
  400.0000;  301.0000;  198.6454;    0.1789
  398.0000;  300.0000;  197.8004;    0.2113
  399.0000;  302.0000;  197.2004;    0.5233
  399.0000;  300.0000;  199.1808;    0.2533
  397.0000;  296.0000;  197.7524;    0.2305
  398.0000;  296.0000;  197.4361;    0.6294
  399.0000;  299.0000;  198.8618;    0.2316
  398.0000;  300.0000;  200.0900;    0.4501
  399.0000;  299.0000;  198.9171;    0.3927
  401.0000;  297.0000;  194.8153;    0.2538
  399.0000;  298.0000;  198.4943;    0.2234
  399.0000;  299.0000;  199.4618;    0.4038
  401.0000;  300.0000;  195.4891;    0.4157
  398.0000;  306.0000;  197.3651;    0.4528
  399.0000;  299.0000;  198.3633;    0.4615
  399.0000;  300.0000;  197.6993;    0.3066
  397.0000;  303.0000;  197.5171;    0.8542
  398.0000;  300.0000;  197.3626;    0.3748
  399.0000;  298.0000;  197.4361;    0.1882
  400.0000;  296.0000;  198.1161;    0.3207
  395.0000;  297.0000;  196.3670;    0.2785
  400.0000;  299.0000;  197.4082;    0.2319
  399.0000;  297.0000;  199.2511;    0.4588
  400.0000;  301.0000;  198.9196;    0.2617
  399.0000;  299.0000;  197.9899;    0.1999
  399.0000;  300.0000;  199.2887;    0.3536
  402.0000;  301.0000;  197.7675;    0.3460
  400.0000;  299.0000;  198.9196;    0.4098
  398.0000;  300.0000;  195.2076;    0.2212
  401.0000;  297.0000;  198.4061;    0.3427
  399.0000;  302.0000;  198.0101;    0.2202
  399.0000;  300.0000;  197.9520;    0.2799
  399.0000;  298.0000;  197.3423;    0.4104
  398.0000;  298.0000;  197.7524;    0.3341
  399.0000;  299.0000;  199.2235;    0.5522
  400.0000;  300.0000;  199.0603;    0.3442
  393.0000;  295.0000;  196.6977;    0.6517
  399.0000;  299.0000;  198.4943;    0.2454
  400.0000;  296.0000;  197.8206;    0.4795
  398.0000;  297.0000;  199.8099;    0.2901
  402.0000;  302.0000;  198.7083;    0.3726
  398.0000;  300.0000;  198.7586;    0.1883
  400.0000;  300.0000;  196.8883;    0.5197
  400.0000;  298.0000;  197.3271;    0.3113
  397.0000;  297.0000;  198.4943;    0.3179
  397.0000;  302.0000;  196.9873;    0.0746
  392.0000;  296.0000;  196.2371;    0.6427
  396.0000;  298.0000;  198.3129;    0.4979
  397.0000;  303.0000;  194.2576;    0.1916
  400.0000;  300.0000;  198.0101;    0.4736
  398.0000;  298.0000;  197.1218;    0.3200
  399.0000;  295.0000;  196.1479;    0.4810
  400.0000;  299.0000;  197.4968;    0.5811
  399.0000;  304.0000;  194.2807;    0.6003
  399.0000;  299.0000;  199.8424;    0.3739
  399.0000;  303.0000;  195.8009;    0.2753
  395.0000;  303.0000;  194.6715;    0.4645
  400.0000;  298.0000;  198.0934;    0.3709
  401.0000;  297.0000;  196.6545;    0.2806
  395.0000;  297.0000;  200.1250;    0.4709
  399.0000;  299.0000;  199.2511;    0.4833
  403.0000;  294.0000;  192.6084;    0.2966
  399.0000;  300.0000;  199.4041;    0.1693
  400.0000;  299.0000;  197.9747;    0.3805
  398.0000;  299.0000;  197.6917;    0.4739
  401.0000;  297.0000;  199.1105;    0.3837
  400.0000;  299.0000;  197.6259;    0.5647
  399.0000;  295.0000;  197.8510;    0.2342
  406.0000;  296.0000;  194.3708;    0.1144
  402.0000;  297.0000;  198.4943;    0.5899
  397.0000;  305.0000;  196.4205;    0.2002
  400.0000;  298.0000;  197.3955;    0.3116
  401.0000;  297.0000;  196.1224;    0.2679
  400.0000;  291.0000;  196.8248;    0.1680
  398.0000;  298.0000;  199.1105;    0.5707
  399.0000;  296.0000;  197.0305;    0.3322
  396.0000;  296.0000;  195.4789;    0.1739
  400.0000;  296.0000;  196.4001;    0.3612
  399.0000;  297.0000;  198.9196;    0.1269
  401.0000;  300.0000;  195.6349;    0.3035
  396.0000;  299.0000;  198.7285;    0.6063
  400.0000;  301.0000;  195.6451;    0.2323
  397.0000;  299.0000;  197.7524;    0.2696
  402.0000;  303.0000;  194.5867;    0.4781
  399.0000;  302.0000;  195.9235;    0.5000
  399.0000;  298.0000;  196.0230;    0.2388
  400.0000;  300.0000;  198.4943;    0.8443
  398.0000;  299.0000;  199.0628;    0.3580
  399.0000;  301.0000;  196.3594;    0.3037
  399.0000;  299.0000;  198.9573;    0.5014
  400.0000;  300.0000;  198.6001;    0.6347
  396.0000;  297.0000;  197.7979;    0.3528
  399.0000;  299.0000;  199.3314;    0.3014
  398.0000;  293.0000;  198.0354;    0.6007
  397.0000;  301.0000;  201.2486;    0.2378
  397.0000;  302.0000;  195.8699;    0.4366
  398.0000;  298.0000;  198.9774;    0.2565
  400.0000;  296.0000;  196.0102;    0.3462
  399.0000;  298.0000;  199.1231;    0.6747
  399.0000;  299.0000;  198.5951;    0.2567
  397.0000;  302.0000;  198.0909;    0.4847
  401.0000;  299.0000;  197.0913;    0.3189
  394.0000;  298.0000;  195.6732;    0.4642
  399.0000;  296.0000;  198.9095;    0.2083
  395.0000;  297.0000;  197.4082;    0.5228
  397.0000;  294.0000;  195.1615;    0.2802
  396.0000;  296.0000;  196.5426;    0.2535
  401.0000;  298.0000;  198.3053;    0.3102
  398.0000;  300.0000;  198.8165;    0.3894
  397.0000;  299.0000;  198.6580;    0.2526
  398.0000;  300.0000;  197.2029;    0.2721
  400.0000;  299.0000;  197.6866;    0.5637
  392.0000;  289.0000;  206.1698;    0.4252
  401.0000;  298.0000;  195.3510;    0.3624
  397.0000;  291.0000;  199.9450;    0.3038
  392.0000;  299.0000;  197.5171;    0.3316
  396.0000;  300.0000;  197.7397;    0.9537
  399.0000;  297.0000;  197.9520;    0.7615
  397.0000;  300.0000;  198.4565;    0.3351
  399.0000;  300.0000;  195.4124;    0.3799
  399.0000;  295.0000;  196.3288;    0.3712
  398.0000;  299.0000;  196.2371;    0.5309
  399.0000;  301.0000;  198.9296;    0.2498
  399.0000;  299.0000;  199.0603;    0.3754
  399.0000;  299.0000;  198.5674;    0.5681
  399.0000;  298.0000;  199.7223;    0.6722
  411.0000;  279.0000;  216.0023;    0.2887
  400.0000;  300.0000;  198.5875;    0.3037
  401.0000;  302.0000;  198.0025;    0.1387
  399.0000;  299.0000;  197.4968;    0.3477
  401.0000;  295.0000;  198.6353;    0.4804
  399.0000;  301.0000;  196.3797;    0.5489
  401.0000;  299.0000;  196.5960;    0.3776
  396.0000;  293.0000;  198.2145;    0.2837
  399.0000;  299.0000;  198.6001;    0.1179
  399.0000;  298.0000;  199.3790;    0.4597
  400.0000;  301.0000;  196.0255;    0.3010
  398.0000;  297.0000;  197.8535;    0.4987
  398.0000;  298.0000;  197.7170;    0.4280
  395.0000;  298.0000;  197.0228;    0.3136
  393.0000;  298.0000;  195.9719;    0.7269
  399.0000;  295.0000;  196.6037;    0.5459
  401.0000;  296.0000;  198.3053;    0.2923
  396.0000;  296.0000;  195.1666;    0.2901
  399.0000;  298.0000;  198.9573;    0.5508
  395.0000;  300.0000;  197.3271;    0.3801
  398.0000;  300.0000;  197.9520;    0.5078
  404.0000;  296.0000;  195.7575;    0.4903
  403.0000;  298.0000;  198.5397;    0.3002
  400.0000;  301.0000;  198.4943;    0.4793
  400.0000;  297.0000;  197.1218;    0.3866
  400.0000;  301.0000;  197.7397;    0.2285
  401.0000;  298.0000;  196.7257;    0.2609
  399.0000;  298.0000;  198.2524;    0.1631
  400.0000;  298.0000;  198.4061;    0.3114
  400.0000;  303.0000;  199.3314;    0.3393
  399.0000;  299.0000;  197.9899;    0.6645
  399.0000;  299.0000;  198.4364;    0.3036
  401.0000;  296.0000;  194.2576;    0.4118
  399.0000;  299.0000;  197.7979;    0.4903
  401.0000;  276.0000;  217.1175;    0.6307
  398.0000;  298.0000;  197.2942;    0.4003
  399.0000;  297.0000;  197.7397;    0.7887
  398.0000;  300.0000;  197.8408;    0.4817
  399.0000;  299.0000;  199.4242;    0.1763
  399.0000;  299.0000;  198.9271;    0.6286
  398.0000;  297.0000;  197.1015;    0.6548
  396.0000;  301.0000;  197.1218;    0.3644
  401.0000;  298.0000;  197.5880;    0.1661
  399.0000;  296.0000;  198.1161;    0.0858
  402.0000;  300.0000;  197.0634;    0.2430
  398.0000;  299.0000;  198.0354;    0.2816
  405.0000;  301.0000;  198.2246;    0.8532
  398.0000;  294.0000;  193.6621;    0.3327
  399.0000;  300.0000;  197.9520;    0.5383
  399.0000;  301.0000;  198.1161;    0.4688
  398.0000;  300.0000;  197.2536;    0.3088
  401.0000;  299.0000;  195.7805;    0.4036
  397.0000;  296.0000;  196.2167;    0.4735
  398.0000;  299.0000;  198.3381;    0.2630
  397.0000;  298.0000;  197.0305;    0.1843
  395.0000;  296.0000;  193.8066;    0.4703
  398.0000;  298.0000;  199.2787;    0.4022
  398.0000;  298.0000;  197.3626;    0.3028
  397.0000;  295.0000;  195.3100;    0.2267
  400.0000;  299.0000;  199.0226;    0.7345
  321.0000;  256.0000;  284.0158;    0.4205
  399.0000;  300.0000;  199.0100;    0.2500
  398.0000;  298.0000;  199.2636;    0.2443
  402.0000;  298.0000;  197.6689;    0.2714
  397.0000;  295.0000;  195.6579;    0.4405
  401.0000;  301.0000;  197.0228;    0.4518
  398.0000;  301.0000;  199.7298;    0.3175
  404.0000;  298.0000;  195.9694;    0.5345
  399.0000;  299.0000;  198.8291;    0.2320
  395.0000;  299.0000;  197.8206;    0.1892
  395.0000;  304.0000;  196.6571;    0.3552
  405.0000;  297.0000;  197.5905;    0.4380
  400.0000;  297.0000;  200.4495;    0.6975
  400.0000;  298.0000;  198.8618;    0.4971
  396.0000;  297.0000;  194.4557;    0.3239
  399.0000;  302.0000;  199.2636;    0.2590
  399.0000;  299.0000;  198.8492;    0.3721
  402.0000;  298.0000;  197.9747;    0.3876
  400.0000;  306.0000;  197.2308;    0.6266
  399.0000;  300.0000;  198.9799;    0.3522
  403.0000;  300.0000;  196.7359;    0.3989
  397.0000;  298.0000;  198.6404;    0.3063
  400.0000;  304.0000;  197.7094;    0.4500
  400.0000;  298.0000;  198.4364;    0.2932
  396.0000;  294.0000;  198.1565;    0.3187
  399.0000;  303.0000;  196.8883;    0.5468
  411.0000;  295.0000;  194.2884;    0.3118
  399.0000;  300.0000;  197.3145;    0.7072
  398.0000;  296.0000;  197.6866;    0.2788
  400.0000;  299.0000;  197.8510;    0.1562
  401.0000;  301.0000;  197.1243;    0.4231
  398.0000;  301.0000;  199.7248;    0.2417
  399.0000;  300.0000;  198.9623;    0.2875
  398.0000;  297.0000;  199.0402;    0.3467
  400.0000;  297.0000;  196.4205;    0.5757
  398.0000;  304.0000;  197.3119;    0.4488
  401.0000;  298.0000;  200.5617;    0.3239
