  410.9417,  283.7184,  214.5493,    1.9395
  401.3119,  292.9765,  201.6433,    1.8461
  403.0142,  297.6129,  201.0877,    2.2608
  406.4909,  296.5352,  202.7183,    2.6330
  409.4925,  298.0597,  207.7645,    2.0735
  413.8477,  295.5387,  203.4632,    1.5213
  408.6598,  301.4149,  205.5530,    2.1611
  405.7885,  298.9028,  204.6844,    2.0445
  405.1304,  305.2609,  199.6982,    1.6549
  405.4969,  289.9868,  209.2438,    2.1141
  398.3885,  298.5273,  197.4385,    2.3088
  411.2769,  303.0559,  205.2931,    1.6629
  400.6000,  293.2773,  199.8200,    1.5476
  413.8776,  292.9388,  213.1562,    1.6785
  405.6296,  296.5286,  205.1664,    2.0286
  406.4370,  292.3390,  207.1204,    2.2049
  420.7048,  290.5564,  210.2423,    2.9201
  406.6007,  297.8763,  206.4148,    1.4703
  399.0717,  292.7602,  203.5515,    1.8227
  390.1850,  295.3780,  201.1510,    1.6641
  394.8131,  302.3832,  200.3042,    2.2162
  403.5780,  298.7225,  202.0289,    1.4703
  401.1351,  296.7027,  201.3296,    1.6266
  398.9118,  303.5882,  203.6340,    2.6693
  417.6389,  289.7802,  216.0119,    2.2463
  391.4068,  307.0000,  204.6562,    2.5595
  397.6463,  292.3213,  204.9730,    2.0069
  395.0488,  306.5857,  204.6578,    2.3484
  398.7562,  310.6277,  207.3191,    2.9984
  385.4279,  313.9231,  215.3521,    1.8725
  403.8182,  303.3737,  201.1404,    2.0481
  397.8131,  306.9633,  201.7824,    1.7395
  399.9691,  299.8373,  199.4145,    2.0723
  420.9327,  306.1614,  216.9328,    1.6600
  411.1300,  292.7275,  206.8602,    1.9506
  403.1507,  294.9988,  200.3520,    2.4967
  398.9898,  312.5388,  207.7344,    2.6012
  426.2426,  278.6510,  231.6431,    2.0688
  396.3043,  309.8696,  207.8737,    2.0076
  398.5643,  304.7982,  201.3583,    2.5045
  397.5067,  309.5253,  206.9310,    2.1434
  402.7839,  299.9854,  201.8064,    2.6476
  412.0116,  296.4480,  205.7389,    1.6038
  395.4943,  307.3224,  205.3230,    1.6717
  393.7282,  307.0122,  200.3558,    2.2395
  404.9985,  300.7998,  203.0932,    2.6856
  405.1994,  300.2355,  203.5912,    1.6151
  400.0220,  300.3154,  199.5389,    1.7163
  390.8630,  303.4658,  197.5661,    2.0465
  400.2175,  298.6043,  199.2165,    1.8263
  404.1267,  281.6383,  210.3594,    2.0933
  391.9630,  302.7407,  206.3517,    2.4719
  386.8225,  320.7345,  221.7463,    2.2908
  397.6379,  288.6214,  206.9442,    1.6328
  402.9243,  297.0356,  203.4952,    2.2597
  418.6165,  305.8956,  207.5260,    1.4922
  392.1062,  293.9858,  200.9159,    2.0051
  401.3841,  302.1641,  199.9289,    1.9187
  397.5489,  313.6438,  206.3008,    2.1061
  389.8308,  299.9027,  201.4137,    1.8805
  402.9538,  298.8822,  202.3866,    2.0015
  398.4354,  302.5202,  198.8541,    2.7080
  416.4556,  298.9726,  212.9533,    2.2124
  404.5653,  300.5752,  202.0435,    2.7648
  412.8621,  300.4655,  203.2940,    2.0325
  389.0780,  307.3675,  210.4672,    2.3495
  397.3877,  301.7018,  199.6858,    1.8146
  404.0537,  282.7538,  211.7766,    1.3983
  415.9911,  296.7758,  211.9581,    1.7502
  404.9077,  302.6202,  203.7296,    1.5569
  402.7351,  302.2760,  200.0228,    1.6648
  399.1554,  302.2836,  201.5090,    1.9602
  403.0205,  297.8270,  198.7096,    1.9571
  401.2338,  298.1169,  200.7041,    2.1468
  392.6316,  303.7895,  198.5367,    1.7254
  413.8450,  293.9225,  210.7167,    1.4243
  397.1084,  301.9928,  200.6184,    2.3423
  399.8460,  294.9013,  201.6356,    2.1849
  404.6342,  296.9912,  203.7745,    2.1297
  407.9859,  291.9859,  205.7981,    1.8890
  405.9202,  297.7674,  200.0429,    1.5431
  392.7337,  303.2700,  197.6997,    2.0079
  402.4157,  288.0609,  199.8498,    1.9282
  414.8186,  299.0868,  210.8285,    1.9009
  389.2416,  311.2353,  209.5868,    2.1452
  396.5480,  302.9621,  200.9122,    1.7681
  402.8109,  302.2135,  200.4564,    2.2311
  420.6141,  287.6290,  216.3953,    1.9556
  395.2926,  304.2858,  200.1560,    1.8681
  405.9524,  295.6296,  205.8979,    1.4874
  399.2471,  300.5123,  199.0794,    2.1648
  404.2015,  298.9177,  195.2992,    2.0350
  398.3158,  311.1579,  203.0516,    2.4158
  390.3672,  301.0513,  203.0334,    2.2193
  411.2882,  289.5688,  209.5006,    2.2226
  402.7280,  310.9534,  201.9986,    2.9727
  400.6991,  302.5130,  201.2271,    1.9286
  423.7134,  290.8912,  217.8192,    1.8245
  404.6933,  294.2147,  204.9192,    2.2560
  393.4302,  305.1440,  202.6185,    2.2266
  410.3567,  295.2224,  205.9381,    1.9530
  406.4667,  303.6667,  200.9978,    2.3016
  410.9754,  301.6721,  210.0806,    2.3022
  408.1451,  295.4164,  205.7998,    2.3496
  384.1339,  305.6753,  211.1823,    1.8891
  403.2692,  300.9132,  198.8467,    2.1272
  400.4935,  297.3300,  201.0308,    1.6896
  393.2689,  304.8782,  203.2251,    1.7253
  400.2891,  306.3552,  203.8490,    1.9111
  402.9049,  298.6643,  201.7640,    2.2710
  394.7969,  306.3000,  202.3437,    1.6947
  391.6029,  295.8111,  201.1624,    1.9970
  391.8906,  318.0000,  212.3321,    1.8667
  414.4261,  290.6537,  211.2822,    1.9750
  394.7429,  292.7238,  200.1202,    1.8976
  435.8309,  287.9601,  228.8088,    2.3786
  403.1134,  299.0347,  201.9896,    1.7637
  395.7519,  306.7050,  205.3091,    2.3531
  419.4190,  297.9627,  212.0206,    1.8703
  390.9928,  300.4899,  198.5201,    1.5326
  418.8854,  285.6198,  218.7343,    1.4117
  409.6175,  292.4297,  211.2148,    2.4976
  403.3172,  317.9416,  212.4454,    1.7193
  394.0953,  302.5231,  201.2278,    3.0276
  399.6800,  299.7291,  199.2196,    2.0087
  431.0269,  286.2418,  231.0183,    1.9374
  407.9008,  295.3319,  207.8870,    2.3823
  399.8907,  309.9727,  209.1216,    1.4388
  400.9714,  293.2541,  200.2277,    1.9999
  404.4174,  293.5726,  203.5973,    2.4540
  394.5723,  305.1877,  201.4926,    1.7693
  399.7431,  297.7538,  197.1761,    2.5106
  403.7908,  306.2808,  200.0086,    1.9772
  400.8314,  336.4816,  219.6948,    2.1038
  399.0238,  307.7167,  205.3984,    1.5242
  402.2032,  295.7045,  202.6449,    2.4939
  406.9556,  289.4025,  207.1321,    1.8274
  395.2102,  303.0420,  197.4184,    2.4372
  410.8574,  284.1078,  212.9252,    1.6524
  395.5276,  309.1963,  203.0874,    1.5623
  402.7065,  292.9221,  202.8285,    1.5648
  390.7190,  304.2626,  199.0914,    1.5381
  411.5405,  300.3514,  208.9238,    2.4169
  398.5833,  312.9167,  203.5997,    2.6979
  418.1087,  301.0302,  211.2257,    1.9073
  400.2549,  305.1501,  202.9214,    2.2516
  395.0000,  295.5000,  198.6133,    0.0042
  405.6577,  316.6087,  211.4477,    2.2554
  402.0371,  303.0013,  197.9119,    1.9890
  406.1243,  300.9527,  200.4210,    1.8238
  405.3246,  291.7120,  207.2209,    2.4670
  399.0655,  289.6345,  201.2473,    2.1048
  388.4529,  286.0881,  210.5557,    2.0219
  401.6623,  307.1995,  204.2129,    1.6655
  397.6269,  305.3717,  201.6829,    1.6936
  400.7421,  298.5979,  200.3029,    1.6206
  411.5692,  307.7589,  204.9760,    1.8514
  391.9049,  300.7097,  202.1814,    1.9104
  399.1903,  301.4394,  200.8395,    2.3040
  392.2411,  316.0091,  209.0400,    2.6434
  398.8746,  301.9043,  200.3354,    2.0198
  409.0300,  299.3670,  206.5044,    2.6009
  397.7750,  310.6700,  207.7153,    1.4390
  420.8746,  277.5264,  220.9906,    2.3050
  413.3084,  294.9849,  210.9514,    2.0073
  383.5192,  308.3839,  216.1986,    1.7173
  407.7127,  284.4722,  214.5965,    1.7305
  399.5000,  294.0000,  195.7147,    0.0041
  386.5438,  309.7485,  210.1164,    2.1016
  407.8236,  281.8293,  217.0782,    1.7868
  397.8023,  321.4510,  219.3466,    1.2587
  408.1084,  299.8307,  206.2330,    1.6635
  396.2414,  314.4230,  204.5702,    1.9494
  411.2590,  294.7554,  207.2758,    2.0517
  399.9178,  306.0924,  201.9166,    1.6234
  393.3525,  311.7914,  203.9757,    2.6118
  407.8348,  296.1137,  203.0756,    2.2856
  401.0733,  295.6212,  200.0577,    2.7909
  384.8182,  299.5273,  205.3365,    2.4809
  400.4425,  299.4023,  198.5107,    2.0087
  403.7216,  299.1443,  201.9408,    1.5743
  402.2387,  324.1718,  214.0366,    2.8044
  387.3125,  307.9724,  205.4724,    2.1993
  402.4357,  294.6614,  201.1957,    1.7967
  413.8797,  293.7473,  213.8928,    2.7183
  402.4040,  283.4157,  205.9370,    2.0901
  414.2094,  297.8040,  207.3723,    1.7356
  394.9088,  306.8451,  206.7254,    1.9279
  394.7647,  311.3529,  208.0379,    1.8659
  407.8713,  289.1386,  206.2562,    1.8107
  403.4070,  301.1862,  199.4760,    1.9703
  396.6000,  329.9029,  218.6126,    2.7319
  394.5000,  295.5000,  197.5158,    0.0038
  393.7676,  309.0705,  204.8417,    3.1181
  405.3902,  316.4634,  212.6010,    2.1870
  387.3740,  307.9160,  210.4213,    1.4668
  398.0571,  301.9963,  199.2854,    1.8091
  413.5221,  290.2921,  209.4939,    1.4566
  405.4292,  303.0365,  200.3759,    2.1487
  389.7471,  326.1385,  216.8064,    2.0240
  395.7154,  321.1695,  216.3082,    1.5727
  410.0449,  297.9763,  208.8200,    1.7451
  397.2824,  307.5216,  205.0212,    2.0416
  354.2609,  309.1087,  241.6953,    2.1768
  406.5524,  293.1779,  205.8727,    2.3321
  405.6511,  303.8481,  200.6996,    1.8556
  407.9233,  285.0390,  206.5852,    1.6537
  402.6667,  292.6667,  206.0661,    2.6223
  410.8723,  289.7234,  211.7242,    2.3601
  411.3924,  301.6090,  206.8375,    2.3411
  401.0000,  301.5000,  198.6058,    0.0052
  405.2674,  296.0277,  198.0714,    2.3558
  407.5608,  309.4915,  208.6672,    1.9825
  400.7167,  297.1297,  199.3847,    1.4715
  403.2963,  306.3333,  202.0603,    1.6193
  403.3902,  284.3373,  210.7641,    1.6748
  403.5155,  277.7113,  214.8070,    2.2173
  396.9414,  313.8940,  211.9029,    1.3957
  398.2418,  298.6786,  198.6145,    2.0050
  405.5878,  291.3337,  205.0766,    1.9051
  401.1364,  313.7436,  205.2764,    1.9474
  402.6662,  314.2813,  208.3996,    1.8489
  397.1507,  304.1536,  202.7336,    1.5903
  395.6620,  301.1117,  202.8663,    2.0891
  406.1520,  292.9336,  206.0227,    1.8205
  397.5588,  313.5588,  208.2288,    1.6446
  409.9924,  288.7681,  210.5100,    2.3368
  400.4371,  299.7601,  200.4365,    1.7194
  394.0607,  324.9766,  223.0557,    2.2123
  399.3217,  306.2793,  205.5334,    1.5641
  396.6008,  295.4458,  201.8994,    1.5911
  400.8997,  296.3985,  200.8058,    2.6697
  396.5741,  301.5906,  199.4120,    1.6115
  401.1807,  299.5904,  200.2494,    2.0448
  411.6804,  296.8519,  209.3504,    2.3736
  408.0444,  308.0000,  206.0861,    1.5206
  401.7925,  289.4224,  206.9935,    2.2369
  403.7230,  316.1161,  207.1699,    2.1343
  397.8421,  303.2543,  202.5829,    1.6681
  405.2857,  310.5714,  203.3339,    1.4293
  413.8573,  301.7411,  200.5811,    2.0040
  391.5471,  296.4789,  204.3078,    1.8096
  401.2105,  293.9388,  202.1133,    2.4813
  401.3840,  288.3524,  204.0972,    1.8975
  398.7895,  277.3158,  218.8608,    2.1023
  393.3009,  308.4336,  206.4192,    2.5788
  405.2051,  298.1640,  204.4879,    1.8915
  398.5854,  306.7805,  201.7809,    2.5003
  398.6408,  302.6760,  198.1592,    1.3575
  398.9330,  308.6387,  203.5338,    2.0253
  403.0849,  299.5688,  197.9257,    1.7580
  409.7639,  291.0688,  205.2818,    1.2965
  401.1426,  298.4115,  199.5015,    2.6935
  396.7014,  309.1882,  208.2143,    1.6160
  418.2960,  311.7890,  214.8078,    2.1824
  409.0467,  293.8324,  207.9385,    2.0301
  400.5522,  312.2985,  205.8867,    2.1510
  399.0556,  301.0000,  200.4728,    1.5987
  398.7597,  298.5247,  199.1901,    1.4853
  410.5443,  297.8258,  205.9081,    1.5784
  399.6512,  297.6596,  200.1956,    1.5963
  394.2095,  301.3401,  201.4190,    1.9763
  413.2152,  301.6203,  206.8959,    2.2294
  393.6777,  306.1730,  204.2185,    1.8110
  412.8974,  284.0256,  216.2046,    1.7064
  399.6239,  294.5784,  200.5948,    2.3891
  390.4138,  319.7241,  215.3720,    1.7241
  396.2262,  312.0977,  208.5474,    2.2509
  406.7179,  298.9744,  202.2008,    1.4901
  399.6797,  297.4909,  199.4493,    2.9405
  401.5411,  294.2035,  203.4466,    1.7123
  401.7937,  300.2966,  200.5107,    2.0155
  399.0000,  300.5000,  198.5705,    0.0039
  401.4142,  304.2722,  202.4707,    1.8861
  405.7157,  303.3477,  201.6197,    1.9865
  410.2029,  285.9972,  216.2219,    2.0208
  396.1819,  321.7800,  212.6617,    1.9038
  405.2876,  303.6777,  205.5825,    2.0767
  399.9797,  295.7978,  200.3925,    1.4862
  390.8917,  309.8581,  205.0605,    2.2255
  397.8225,  301.9829,  201.2685,    1.9189
  395.8140,  305.5274,  204.8587,    2.0334
  386.8870,  300.5823,  205.8414,    3.1027
  399.9401,  306.2347,  203.2948,    2.6535
  401.4848,  295.8636,  200.6813,    1.5306
  393.2757,  324.3840,  216.1116,    2.1526
  414.7174,  304.5096,  209.4100,    2.1544
  411.1422,  293.6393,  208.5568,    2.3601
  414.3433,  297.5075,  210.4737,    2.2727
  394.2437,  297.3618,  197.5305,    2.1024
  407.3753,  290.8843,  208.9564,    1.9505
  399.6081,  304.4664,  199.3180,    1.6089
  402.9661,  301.7337,  200.8917,    1.6376
  392.9670,  309.0796,  205.2343,    1.7506
  401.1793,  302.1642,  198.5054,    1.5661
  402.1045,  306.9104,  203.6654,    1.3601
  395.3515,  306.0650,  202.9645,    1.9835
  392.9787,  308.6991,  207.7653,    2.3438
  402.0465,  302.8645,  201.9318,    2.5396
  399.7684,  304.2384,  202.8157,    1.7698
  399.8685,  299.2458,  196.7400,    2.0067
  402.1859,  299.3419,  198.9027,    1.6515
  410.5714,  303.7460,  206.9479,    2.3372
  399.2843,  316.1410,  214.0490,    1.8107
  398.8928,  301.0351,  200.4583,    2.3856
  407.4361,  287.3437,  208.2930,    2.6629
  408.6299,  294.7481,  208.0418,    2.4703
  403.7674,  295.1488,  202.2828,    2.7858
  396.7966,  304.6949,  203.4005,    2.1161
  400.5328,  292.1205,  204.9445,    2.9230
  393.2290,  305.7563,  203.7218,    2.1541
  396.4178,  286.1619,  206.8850,    2.2776
  398.3033,  301.2421,  197.9198,    1.6525
  396.5825,  301.9897,  201.3499,    1.5662
  394.3018,  300.4247,  203.0966,    2.2629
  416.9846,  292.5577,  207.9764,    1.5171
  407.6686,  312.0000,  206.5591,    1.6223
  396.2576,  305.1203,  203.4320,    1.8967
  412.0164,  298.7105,  209.8883,    1.8478
  407.0978,  304.5811,  202.9580,    1.8711
  427.9209,  296.8162,  215.4990,    3.0302
  399.7452,  289.8911,  198.6877,    2.0323
  422.5796,  304.6347,  219.9334,    2.1865
  405.1138,  304.3054,  200.7342,    1.4183
  398.2212,  299.9724,  199.1434,    1.7491
  399.4023,  303.2235,  202.8858,    1.7694
  414.1792,  286.9006,  215.8068,    1.7227
  400.2966,  299.2631,  199.9479,    1.7909
  399.6228,  300.2838,  199.6122,    1.6980
  414.6489,  296.1745,  212.5060,    1.8379
  410.7587,  298.7686,  206.8020,    1.5935
  404.4399,  298.4959,  202.5638,    1.5228
  404.2017,  302.4072,  197.6192,    1.7437
  405.5105,  292.4526,  206.2006,    2.2200
  402.4858,  286.7236,  209.7484,    2.3645
  408.6538,  292.8939,  202.3650,    1.5738
  390.4372,  313.9288,  211.1374,    2.2764
  402.1573,  295.5617,  202.7207,    2.0715
  402.1722,  294.0796,  202.3463,    2.1259
  403.0484,  316.2120,  210.2662,    2.3940
  407.0863,  296.9531,  205.6693,    2.0805
  407.0791,  293.2641,  206.9484,    2.0454
  381.0612,  316.3384,  224.3511,    2.1064
  401.1113,  315.1933,  200.7221,    1.9762
  404.8462,  298.8462,  203.1918,    2.0546
  398.9081,  300.7354,  197.1621,    1.7558
  417.9981,  289.8136,  213.3767,    1.2791
  393.9546,  314.4241,  210.9939,    1.9791
  397.0945,  306.4036,  201.3741,    2.5901
  397.0179,  301.0150,  198.0901,    1.4923
  431.3581,  293.9045,  218.4247,    2.4925
  416.4541,  295.4607,  209.1907,    1.9756
  404.6148,  291.1971,  206.2749,    1.7402
  401.7891,  296.1363,  202.8172,    1.7560
  394.6573,  299.4336,  201.1175,    3.0516
  404.2520,  302.0433,  201.6992,    2.0457
  390.5086,  310.4261,  211.8663,    2.0306
  390.4583,  316.6816,  209.3362,    1.7341
  397.8618,  306.6608,  200.3956,    1.3623
  389.7533,  303.0789,  202.7833,    1.4578
  402.2915,  289.8472,  202.9426,    2.1214
  400.9031,  304.8289,  199.1411,    1.6228
  402.5869,  293.2401,  204.8185,    1.4581
  400.5000,  305.0000,  197.5101,    0.0038
  406.0000,  291.6287,  205.0137,    2.4350
  400.6577,  301.1775,  199.6560,    2.6500
  410.6506,  298.6582,  207.7497,    2.3121
  402.1515,  293.6946,  202.5319,    1.9863
  394.3887,  301.3195,  200.0996,    1.8296
  404.1400,  306.6122,  206.2752,    1.9114
  392.2678,  312.7588,  213.4580,    2.1442
  403.4932,  301.4932,  199.1369,    3.4715
  396.6940,  310.2078,  205.9461,    2.4165
  402.5475,  314.3358,  209.9054,    2.3518
  402.5792,  297.8122,  202.9168,    2.3100
  403.8594,  268.7496,  215.0888,    2.5506
  419.8689,  297.7705,  214.9997,    1.4132
  405.5211,  305.2816,  204.6166,    1.9322
  398.0385,  300.9944,  198.1415,    1.6644
  408.8311,  293.9261,  207.9465,    1.7109
  394.9085,  304.9522,  206.3256,    1.5349
  390.4143,  318.4143,  213.6218,    2.6263
  394.4806,  311.2742,  207.1706,    2.8994
  415.9132,  312.6202,  205.2481,    1.3610
  411.2218,  289.4958,  206.4815,    2.3237
  400.6373,  299.8382,  197.8650,    1.7852
  395.9124,  301.7633,  202.6779,    1.9941
  398.5249,  305.6338,  204.3235,    1.7748
  417.4043,  297.4894,  203.3666,    1.5181
  399.6364,  294.8889,  200.6577,    2.5232
  396.0779,  301.4461,  201.0916,    1.8692
  400.6230,  310.3607,  209.5075,    2.3513
  397.5690,  302.6763,  200.3209,    1.6739
  400.4244,  309.9774,  199.4922,    1.8548
  394.2166,  316.4914,  210.6079,    2.0503
  414.3606,  289.7517,  212.7065,    1.9023
  400.8863,  317.7675,  208.1809,    2.0617
  390.7125,  307.1150,  205.5547,    1.5494
  398.8682,  302.0174,  201.5273,    1.5956
  405.9200,  292.7637,  207.9886,    1.9402
  406.2722,  302.1060,  198.7203,    1.8337
  407.2243,  294.6552,  202.0331,    2.0585
  395.4545,  313.0909,  212.9141,    1.4347
  402.7479,  314.3087,  212.0528,    2.4075
  395.7647,  313.2941,  210.1131,    2.1962
  401.2264,  305.0943,  199.5410,    1.7561
  404.4139,  289.5692,  205.6919,    2.4938
  398.7232,  307.5174,  206.5848,    1.7217
  408.1034,  289.4023,  204.1721,    2.9860
  404.0000,  299.5000,  197.5025,    0.0041
  407.4640,  293.5244,  205.9639,    2.4193
  408.3359,  296.0981,  208.2139,    1.9461
  395.8421,  296.7444,  199.0622,    2.1772
  398.6950,  293.7264,  200.9381,    2.0884
  394.0737,  311.0000,  207.9789,    2.7156
  400.1219,  302.7126,  199.1775,    1.8551
  395.9896,  304.3157,  203.0765,    1.8494
  405.7060,  295.2266,  200.9961,    1.7710
  401.3451,  299.1388,  200.4564,    2.2182
  395.9478,  318.9138,  213.9522,    3.0657
  389.4350,  312.0724,  206.8624,    1.3549
  405.5515,  298.5095,  204.6478,    2.1697
  381.6510,  309.2798,  213.2828,    2.2584
  400.1286,  302.5180,  198.4830,    1.9792
  398.2557,  325.5254,  211.6194,    2.7220
  402.4545,  300.2273,  201.6914,    1.9170
  411.1441,  295.7628,  204.0827,    1.9489
  407.1323,  303.1894,  202.5367,    1.8189
  416.2211,  291.5431,  212.2538,    1.9385
  402.7228,  288.7320,  207.9783,    2.2372
  399.8290,  301.5889,  198.3905,    2.0922
  399.6168,  317.2056,  212.4558,    1.5883
  398.8679,  302.0852,  201.9062,    2.2063
  395.5352,  306.8028,  204.5558,    1.5976
  406.7201,  293.0958,  200.1410,    2.3114
  402.0454,  308.0507,  200.4860,    1.5824
  415.6532,  295.6974,  208.9533,    2.5424
  400.8116,  304.3190,  203.1341,    1.8842
  401.6440,  302.8362,  197.1919,    2.5626
  393.6971,  296.6038,  202.3623,    2.2494
  392.0174,  305.4236,  202.2636,    2.0027
  399.5886,  291.8647,  203.6016,    1.8383
  394.2047,  306.5637,  205.6824,    1.2161
  400.7294,  296.0235,  199.3436,    1.5657
  401.5000,  303.5000,  199.2699,    0.0046
  402.2074,  299.6702,  199.6379,    1.4830
  405.6693,  289.7559,  205.5464,    2.1902
  402.1113,  301.7521,  198.0935,    2.0028
  394.2459,  310.7638,  209.8427,    1.4535
  400.2613,  302.8739,  201.3730,    1.4489
  408.9845,  296.2805,  208.6532,    1.4604
  391.6108,  305.7844,  204.3515,    2.1299
  389.6031,  316.7712,  213.7159,    1.9013
  410.0561,  299.4730,  195.9834,    1.7302
  407.2221,  282.6067,  210.1526,    2.3880
  406.5753,  300.5233,  201.7585,    1.9383
  403.0556,  299.0556,  201.3852,    1.7248
  399.6670,  305.3191,  203.6989,    2.3156
  401.1007,  319.5886,  216.8227,    1.6343
  404.5275,  288.5495,  206.1107,    1.9724
  401.8961,  304.6429,  204.0023,    1.7090
  402.0098,  293.2956,  199.0012,    1.8122
  399.1333,  305.1333,  201.9550,    2.0869
  403.4537,  285.9758,  210.4729,    1.7810
  391.6456,  312.7047,  211.6219,    2.2810
  396.6747,  305.6359,  204.3712,    1.9581
  402.9448,  321.4128,  213.9354,    1.7099
  389.9097,  306.8720,  208.2656,    2.5279
  406.9518,  293.9897,  208.5509,    3.2573
  409.5679,  285.1786,  205.7087,    1.6831
  397.5653,  306.9757,  205.3324,    2.6154
  406.1166,  287.1001,  212.7421,    1.6641
  397.0370,  297.5556,  197.1408,    1.7703
  402.7724,  290.0453,  205.4254,    2.0153
  401.0463,  300.7131,  198.9189,    2.1408
  391.4788,  303.2424,  207.2705,    2.8677
  400.0037,  305.0477,  203.2280,    2.0650
  399.4472,  294.9648,  203.8876,    1.9241
  405.8849,  301.6888,  200.3825,    2.2451
  396.7321,  315.3324,  211.6449,    2.8966
  407.2601,  293.7029,  204.1386,    1.8417
  399.3553,  305.7527,  202.9104,    1.8200
  397.1417,  309.6169,  206.6990,    2.6149
  400.5190,  297.8172,  200.0734,    2.1974
  385.0340,  304.8963,  206.4169,    2.2891
  405.4982,  305.6115,  204.6854,    2.2858
  407.3540,  299.4503,  203.2367,    1.7962
  414.2239,  293.2076,  213.8841,    1.8413
  402.1647,  306.4134,  204.0288,    2.2016
  398.2540,  311.6656,  210.3744,    1.8700
  402.5762,  299.0132,  199.8691,    1.8614
  413.4136,  299.0127,  210.1103,    2.7666
  407.7906,  297.8531,  206.0956,    2.3084
  402.2682,  296.2945,  202.2397,    3.1391
  387.5118,  315.9733,  209.4020,    1.7796
  408.7570,  296.5981,  200.9663,    1.5903
  400.7537,  299.3915,  200.6927,    1.9555
  400.9276,  302.5644,  199.6449,    2.0597
  421.8858,  305.8061,  216.3668,    2.1330
  400.0000,  300.0000,  197.9899,    0.0045
  382.9102,  313.5421,  218.6064,    1.9508
  391.6575,  314.1328,  212.6350,    1.9979
  401.1517,  292.8988,  199.4077,    2.1332
  410.8884,  292.4030,  210.2696,    2.3572
  400.4643,  311.7550,  206.7761,    1.6878
  401.3217,  312.0256,  209.1211,    2.0781
  393.9586,  305.0888,  204.4922,    2.2503
  396.5070,  307.7277,  205.9951,    1.6983
  403.3897,  294.1991,  204.7472,    1.8754
  404.1109,  296.5203,  204.2371,    2.4314
  404.9223,  294.9657,  201.8823,    1.7846
  409.3809,  297.8978,  203.4742,    2.0707
  407.6815,  298.0214,  204.7421,    1.7973
  411.3677,  297.8064,  210.3997,    2.0764
  415.5195,  288.8733,  204.9913,    1.7536
  401.2716,  308.5053,  206.3557,    2.5028
  406.5452,  293.5863,  197.2880,    2.0955
  407.1937,  287.9064,  201.7711,    1.7707
  404.2345,  302.5147,  199.7318,    2.2531
  402.1792,  299.0529,  201.6858,    2.7914
  411.8889,  297.2386,  199.4480,    2.8583
  403.7160,  305.1440,  202.4869,    1.6303
  402.1805,  287.1209,  209.6333,    2.6091
  394.2362,  308.5592,  201.6155,    1.5617
  408.6435,  295.1993,  203.3807,    1.6982
  398.2362,  298.3759,  198.2725,    1.6215
  394.6760,  315.1375,  209.8574,    2.0442
  396.9720,  303.4703,  203.1728,    2.0072
  396.3409,  298.5682,  199.3523,    2.1027
  402.9953,  305.0797,  202.9472,    2.4803
  405.4286,  302.0816,  202.9347,    2.2652
  399.3974,  301.0987,  196.4469,    2.1337
  404.0451,  300.9316,  198.2377,    2.3661
  408.4057,  299.1481,  204.9708,    1.9582
  389.1355,  300.9920,  209.0049,    1.7387
  380.5294,  307.2389,  216.5288,    1.6326
  408.3195,  303.1183,  208.8042,    2.5230
  420.7136,  292.2130,  214.7184,    2.3823
  407.2099,  302.4087,  202.3846,    2.3924
  401.6030,  291.7505,  204.1184,    2.3952
  403.5376,  290.7746,  206.4460,    2.5551
  402.1763,  289.9258,  203.2065,    1.6426
  408.5100,  296.3669,  204.9363,    2.3177
  395.2613,  325.7108,  219.9106,    1.5229
  427.8126,  279.0575,  218.4842,    2.7228
  395.7307,  301.6914,  202.2129,    1.3308
  401.8387,  292.7634,  203.0718,    2.5010
  402.5206,  277.1038,  210.2875,    1.8566
  400.0000,  295.0000,  197.9091,    0.0047
  398.6923,  299.6154,  198.3428,    2.5149
  407.0767,  298.9521,  204.8948,    1.5337
  399.5287,  313.8557,  211.5941,    1.7535
  403.6289,  302.9955,  197.7530,    2.6874
  392.1880,  297.1862,  196.9679,    2.1657
  393.7248,  298.5734,  199.9571,    2.6023
  400.0275,  298.4674,  200.2175,    1.9257
  390.8008,  332.3494,  218.1938,    2.3534
  399.0839,  305.0723,  202.8138,    1.7863
  394.1898,  324.7608,  216.6067,    2.3344
  405.7474,  296.0513,  201.8171,    2.1738
  407.6898,  313.9581,  206.1413,    2.0136
  414.6552,  299.1672,  204.7064,    2.5923
  395.2444,  307.1648,  206.7370,    2.2292
  392.7493,  301.8588,  202.1406,    2.4233
  401.2644,  292.9608,  203.5743,    1.9497
  400.3740,  287.0153,  205.3937,    1.9983
  401.5000,  305.0000,  194.5643,    0.0043
  410.4137,  311.4320,  209.4128,    2.0288
  411.1163,  297.0498,  206.0501,    2.5003
  412.0138,  293.8111,  209.0940,    2.4436
  409.7373,  301.2409,  201.8602,    2.6082
  399.8691,  293.6303,  198.6274,    1.6440
  415.6069,  287.5325,  214.0878,    2.3190
  403.2279,  328.7597,  225.4613,    1.9601
  391.0075,  305.6758,  205.4617,    2.0596
  400.2873,  293.7281,  204.0860,    1.8351
  403.5466,  300.6044,  201.8776,    2.5033
  409.1467,  303.9002,  201.5722,    2.2008
  399.2177,  303.4623,  201.4930,    2.5366
  411.4249,  296.1124,  208.9128,    2.2458
  404.4218,  298.2036,  203.7636,    2.3678
  396.0623,  291.9545,  199.9795,    1.8028
  401.1687,  295.5051,  203.0373,    2.2572
  404.2153,  311.1846,  203.1794,    1.5816
  387.1760,  313.0352,  212.7403,    1.6444
  385.6152,  328.4374,  218.5771,    2.2361
  396.6331,  289.2230,  200.6506,    1.9129
  393.5679,  314.6555,  207.4770,    1.6035
  422.3412,  301.5618,  210.9086,    2.3718
  398.9794,  307.6598,  207.0091,    2.3728
  398.5157,  295.3696,  200.2042,    1.6524
  406.0000,  311.5000,  209.6169,    1.7508
  408.1134,  285.1990,  209.0847,    1.8067
  402.8632,  300.7458,  202.7038,    2.1466
  408.4857,  342.3244,  237.2300,    2.3392
  398.9683,  311.2969,  206.6268,    1.5016
  398.9336,  303.1606,  197.9362,    3.3537
  398.4423,  283.9038,  209.7380,    2.7853
  394.2192,  316.8265,  204.6126,    2.1713
  417.6255,  305.6831,  217.6542,    2.0287
  402.8682,  295.4859,  199.4872,    1.8658
  390.8460,  313.4120,  207.3609,    1.5888
  400.1727,  302.7775,  201.8548,    2.2960
  406.1552,  285.5917,  199.8080,    2.1962
  396.3636,  300.0909,  198.8745,    2.0926
  398.0153,  318.8015,  206.8687,    2.2469
  424.0290,  296.2496,  219.2459,    2.1965
  414.7039,  287.1133,  213.3453,    2.0903
  407.8879,  304.9346,  208.3160,    2.3047
  402.5373,  295.6934,  201.7328,    2.5034
  410.0000,  302.5455,  208.4395,    1.8806
  399.1996,  299.2993,  198.3511,    2.4063
  401.4621,  311.2132,  204.5098,    2.1303
  395.7414,  312.0582,  206.5856,    1.7427
  409.8498,  294.9313,  209.7129,    1.8254
  399.4000,  306.4896,  202.4793,    1.4641
  396.4884,  296.3363,  200.8190,    1.4670
  399.7872,  302.5745,  198.9708,    2.1071
  408.6593,  301.2350,  204.6340,    1.9776
  400.8974,  297.0000,  197.6420,    2.3113
  414.6121,  296.3170,  207.7002,    1.5057
  398.2609,  303.9015,  198.5767,    2.2964
  394.8532,  308.1193,  206.8019,    1.5263
  412.4192,  288.3994,  205.5573,    2.1433
  397.4262,  317.3607,  210.0292,    1.9497
  406.9338,  298.0645,  206.2422,    1.8950
  397.0539,  293.5095,  198.8920,    1.4060
  398.3720,  309.2852,  202.3845,    1.5862
  406.2538,  295.4783,  201.3701,    1.6223
  399.8682,  302.3006,  201.6663,    1.8317
  404.8937,  295.6703,  203.7773,    2.0749
  403.8310,  296.3549,  204.2350,    1.9818
  413.2528,  292.9395,  204.2804,    2.3931
  395.5440,  316.4912,  212.8859,    1.5808
  400.7907,  308.8372,  205.5650,    2.6080
  398.8910,  300.4718,  200.7872,    1.4791
  409.7073,  306.0434,  206.8906,    2.8986
  392.0833,  312.5266,  210.3068,    2.3306
  395.3444,  304.2808,  202.0512,    2.8134
  408.8489,  298.7302,  205.2609,    2.2942
  430.6401,  297.8660,  215.9073,    1.7806
  410.2563,  294.5059,  202.4353,    2.3528
  386.7944,  307.1884,  208.4759,    2.4345
  409.2356,  290.1956,  207.6054,    2.1111
  409.2614,  294.5254,  205.8868,    2.3517
  400.4735,  318.9781,  210.4441,    2.3728
  403.6477,  295.1569,  203.6267,    1.5948
  403.1739,  287.6403,  201.6824,    1.8779
  386.6109,  298.6587,  203.8216,    1.6039
  402.2595,  293.0029,  203.0252,    2.0712
  399.4776,  311.2145,  204.4944,    2.0275
  385.3158,  305.2368,  199.4608,    2.3277
  377.6522,  297.3163,  217.5504,    2.0899
  403.5556,  297.6444,  202.7799,    1.6599
  388.4120,  306.5463,  211.5527,    2.0723
  403.0000,  305.0000,  201.6953,    2.4028
  400.0207,  297.9826,  199.5113,    1.5174
  404.9353,  298.5180,  202.2982,    2.6363
  409.0497,  293.7893,  208.2747,    1.7052
  415.1258,  296.3906,  209.4422,    2.0462
  409.2575,  296.9953,  208.0751,    2.4230
  396.1231,  299.3463,  200.3284,    2.0347
  400.6255,  316.9026,  214.7129,    2.1417
  403.6649,  301.0592,  201.5363,    2.1186
  394.4018,  309.6893,  210.4431,    2.0989
  402.1154,  304.2963,  198.9149,    2.1106
  412.4328,  289.4689,  205.2863,    2.3547
  408.2424,  297.5297,  203.8601,    2.8238
  400.8457,  306.1226,  203.6767,    2.1431
  395.5955,  303.2440,  200.0084,    1.7530
  418.2857,  286.2857,  210.1197,    1.4657
  405.1825,  297.9220,  201.9928,    1.9538
  388.3465,  297.0576,  206.2075,    1.9071
  397.5217,  320.2787,  216.4687,    1.6700
  401.8482,  301.3494,  199.8313,    1.8836
  401.2370,  295.6276,  202.7202,    2.6379
  415.2224,  286.7131,  209.3343,    2.2032
  418.0470,  301.6108,  215.2106,    1.8108
  399.6147,  304.1723,  203.6351,    2.6607
  403.7539,  296.4198,  204.1679,    1.5576
  389.9412,  304.3813,  197.2146,    1.8316
  397.6403,  303.5403,  200.2731,    1.8558
  409.7962,  295.4245,  208.3067,    2.1040
  417.7154,  291.0254,  214.9609,    1.8035
  409.2099,  292.8934,  203.6113,    2.1499
  396.2950,  294.8589,  198.6626,    2.1548
  399.4277,  299.7492,  199.3638,    1.8233
  405.0755,  295.4078,  203.8222,    1.5976
  385.1333,  310.1362,  206.0266,    1.7631
  414.4848,  308.1127,  209.5903,    2.2307
  401.0719,  293.8933,  201.4434,    2.2195
  392.0748,  309.4330,  204.2130,    1.7152
  397.1690,  318.2338,  208.4125,    1.5771
  402.1515,  290.9572,  206.1339,    2.5790
  412.8060,  289.8627,  207.8472,    2.4452
  397.7949,  301.1512,  200.2027,    2.2702
  393.0957,  301.6065,  202.3585,    2.9034
  411.5584,  289.8205,  211.1057,    1.7308
  412.2758,  295.4321,  200.9543,    1.7620
  396.2229,  301.3810,  201.9373,    1.5864
  401.7881,  297.8995,  201.4739,    1.7145
  418.2534,  285.0627,  214.4402,    2.5277
  403.7435,  316.9881,  212.4669,    1.7333
  401.5263,  293.9737,  200.8807,    2.5540
  394.4793,  309.8560,  205.4909,    2.2456
  390.5036,  300.9194,  200.0016,    2.2896
  399.0383,  304.9852,  197.4889,    2.2043
  406.7085,  299.2570,  204.9918,    1.7337
  399.7265,  295.3618,  200.0716,    1.4516
  395.5954,  306.1712,  199.3238,    2.7230
  388.9637,  307.8550,  205.7809,    1.3739
  401.6286,  296.2034,  202.1973,    1.8622
  397.6461,  307.4584,  194.6865,    2.1127
  395.7818,  291.7455,  206.3356,    1.9346
  401.3063,  297.4275,  197.0932,    1.8213
  396.2045,  309.0000,  201.5856,    1.6131
  402.5999,  293.8929,  200.8240,    1.8434
  402.2993,  310.2993,  207.7919,    1.6658
  397.5281,  301.7778,  199.2466,    1.5570
  393.5907,  301.1824,  203.3821,    1.7233
  401.3065,  303.1457,  201.1590,    1.7945
  400.3691,  306.5904,  197.6748,    2.2207
  408.1979,  294.6385,  204.8967,    2.0508
  391.9000,  316.9500,  213.4882,    1.8754
  416.4343,  300.5152,  215.4106,    2.3513
  411.3683,  295.0924,  205.8084,    2.3423
  408.4336,  300.2520,  205.8020,    1.5218
  392.0817,  309.5750,  205.1094,    1.9744
  401.1546,  290.3509,  206.4267,    2.2096
  397.9085,  300.9281,  201.2278,    1.7422
  407.3989,  299.9245,  206.8783,    1.4983
  421.1372,  286.4477,  212.7438,    1.6955
  395.2774,  317.6610,  203.8547,    1.5607
  399.3491,  312.0755,  209.2566,    1.8099
  408.3306,  312.4685,  205.2562,    1.9951
  409.0701,  291.9334,  205.3952,    2.4152
  413.9386,  291.0219,  212.7859,    2.4001
  408.5763,  288.0731,  209.7401,    1.5292
  410.4463,  285.2205,  208.7945,    1.9718
  393.6021,  303.4556,  202.1684,    2.3070
  399.6241,  295.7077,  199.4136,    1.6309
  402.1677,  297.4452,  197.6929,    1.4097
  405.4326,  301.8028,  199.4049,    2.2303
  394.0924,  313.9891,  212.2515,    1.5260
  392.5261,  300.8738,  201.1949,    2.3719
  401.6265,  296.8494,  200.1737,    2.1009
  408.9399,  302.0709,  203.0216,    1.7978
  405.4942,  303.1619,  200.5819,    2.0163
  407.7058,  294.5453,  205.9217,    1.6764
  401.7129,  315.4085,  211.6124,    1.8931
  397.8059,  302.3734,  200.4866,    1.9348
  400.2366,  297.6841,  197.3598,    2.5421
  397.8445,  314.7816,  211.0724,    1.7626
  407.7906,  297.3304,  205.7330,    1.9240
  399.6259,  300.3188,  199.0388,    2.1467
  404.4641,  314.3931,  204.3792,    2.0765
  403.0000,  298.0000,  200.6913,    2.0196
  414.2895,  303.1711,  208.3210,    1.7918
  394.9441,  318.6410,  209.4988,    1.9886
  401.4204,  304.8703,  204.4824,    2.1403
  411.1634,  296.4615,  204.3032,    1.8927
  401.5366,  295.1176,  202.5835,    1.9518
  406.5327,  292.8442,  205.7399,    1.7499
  402.1111,  296.1111,  201.9052,    2.0307
  389.0653,  303.5557,  208.9627,    2.3364
  404.5435,  297.3855,  200.2283,    1.8551
  416.2655,  295.0298,  211.5241,    2.3514
  398.3575,  307.0314,  206.4286,    1.3786
  399.7180,  301.9267,  200.5503,    2.1942
  395.1166,  311.5419,  209.4670,    1.8787
  416.8420,  305.2786,  210.4223,    1.7954
  399.6085,  294.6049,  201.1354,    2.1334
  404.0664,  302.0840,  200.8179,    1.6873
  396.5378,  308.3438,  205.0039,    1.7788
  397.4418,  306.8630,  203.6142,    1.8844
  398.5000,  299.0000,  198.7719,    0.0040
  404.8042,  302.2699,  197.6012,    2.4319
  410.0088,  295.0878,  205.7494,    2.1269
  412.7611,  292.8341,  202.0795,    2.3435
  409.5747,  290.3784,  211.2628,    1.6468
  383.6857,  303.6571,  208.3049,    2.0166
  398.2482,  305.4088,  202.4535,    2.6904
  404.8659,  296.4730,  203.8762,    2.2083
  405.0143,  285.2291,  210.4111,    1.5387
  400.7921,  302.9508,  201.8257,    1.6931
  397.5583,  301.2379,  198.0730,    1.7210
  397.6951,  306.7635,  203.8441,    1.5432
  403.7922,  297.3765,  202.3564,    1.6833
  413.6581,  295.0204,  212.1248,    1.7252
  396.3620,  305.8295,  200.8514,    2.3469
  409.4743,  302.0352,  206.5123,    1.6080
  401.5184,  297.5326,  198.3509,    2.6986
  405.5189,  297.0100,  201.8616,    2.1367
  381.2500,  322.2500,  226.5880,    1.4591
  405.2308,  309.7308,  207.5251,    2.3819
  401.5068,  307.7163,  206.7597,    2.1621
  404.7184,  296.3747,  204.8842,    2.4951
  395.3855,  302.9698,  201.3179,    1.6082
  408.3237,  292.5396,  206.8299,    2.2237
  405.4355,  293.3814,  207.9293,    2.4073
  401.3357,  290.9450,  200.5822,    2.0131
  419.2468,  287.7472,  204.2925,    2.0772
  401.5848,  304.6941,  195.6514,    2.1615
  408.4622,  299.7195,  200.1569,    1.8939
  401.0231,  299.0558,  193.9741,    2.1643
  405.2774,  299.7257,  200.8521,    1.8324
  394.2193,  299.9123,  199.5520,    2.3454
  412.6559,  301.4027,  205.6618,    2.0884
  390.2877,  307.2695,  209.2478,    2.1569
  410.2249,  298.2978,  200.2791,    1.8408
  399.8474,  311.9825,  207.2827,    2.3219
  399.5000,  300.5000,  198.2738,    0.0035
  409.3836,  309.7671,  201.2605,    1.4235
  411.7941,  284.8697,  218.1934,    1.6657
  398.0000,  302.0000,  196.3084,    0.0034
  397.6808,  319.8254,  212.2438,    1.6495
  392.1411,  320.8416,  213.0830,    1.5082
  402.8697,  297.7394,  197.3005,    1.9614
  401.3867,  289.6738,  205.3101,    2.0020
  412.2196,  297.5097,  211.6435,    2.4201
  392.8120,  319.5122,  211.8208,    2.1739
  402.0663,  309.4561,  199.0671,    2.2791
  398.9755,  302.0168,  201.1800,    1.7295
  394.2129,  303.0976,  202.8738,    2.2043
  402.7905,  302.7984,  200.7198,    1.4726
  396.1464,  302.6284,  201.8151,    2.1980
  402.9667,  303.3032,  202.1192,    2.1736
  392.2078,  317.5550,  207.6197,    1.8191
  396.9905,  301.1817,  200.3107,    2.1948
  404.2251,  288.9389,  205.0775,    1.5085
  393.1211,  303.6747,  202.6800,    1.3909
  402.0872,  288.6565,  207.9331,    1.7962
  399.3674,  301.3444,  199.8665,    1.7319
  402.8510,  290.9524,  199.8504,    1.7616
  408.4097,  301.8270,  201.8614,    1.4395
  404.8335,  297.7925,  204.9020,    1.4995
  394.1261,  310.9778,  209.7852,    1.6759
  413.6452,  303.1505,  212.8602,    1.7090
  401.0000,  302.0000,  198.6001,    0.0043
  394.2776,  304.3425,  203.1081,    1.8142
  390.8981,  311.0898,  204.5601,    1.8804
  403.2050,  300.3640,  201.7322,    2.2732
  407.3990,  293.6296,  204.8965,    2.4914
  391.6729,  301.2297,  199.4036,    1.9833
  392.6828,  309.5364,  204.4746,    1.8600
  396.7363,  303.5772,  203.0788,    1.5256
  396.9952,  299.6904,  199.3124,    2.4399
  399.5638,  304.1112,  198.9627,    2.4864
  411.7091,  304.3938,  208.2945,    2.2435
  399.6992,  300.7391,  200.4013,    2.0683
  402.5646,  290.7166,  205.9826,    1.6958
  415.9090,  297.6902,  208.9391,    2.0045
  400.0036,  302.6449,  201.2320,    1.6618
  398.2042,  310.0031,  207.2605,    2.0991
  415.0406,  314.3816,  220.3297,    2.3304
  402.7065,  304.0063,  200.1277,    1.7220
  394.6419,  315.5767,  212.5589,    2.4026
  410.0112,  290.4486,  210.3339,    1.4897
  414.9089,  294.8218,  211.4136,    1.9482
  404.1851,  302.6769,  202.1159,    1.8212
  396.3157,  305.0250,  205.5097,    2.0723
  398.3354,  310.8235,  209.0723,    1.9506
  391.5335,  312.4092,  205.6712,    1.4081
  410.3930,  297.4492,  210.4179,    1.8705
  410.9401,  301.3146,  208.2134,    1.5475
  400.0575,  294.3056,  202.1354,    2.5719
  397.7644,  304.9791,  203.8637,    2.4416
  399.2637,  303.6556,  201.0193,    2.3967
  407.0000,  301.4427,  205.5895,    2.0326
  384.9802,  317.8890,  217.3303,    2.3346
  397.6661,  306.6646,  204.1209,    1.3295
  400.6570,  295.5917,  201.6461,    1.5598
  401.1234,  292.6723,  203.4392,    1.8566
  406.3284,  301.2273,  205.0386,    2.3580
  407.6701,  293.9588,  202.2177,    3.1963
  410.5208,  285.8139,  209.1950,    2.1537
  390.6557,  309.7464,  204.1314,    1.5346
  397.1082,  298.6094,  197.8980,    1.8238
  400.1445,  309.3293,  208.4836,    1.9183
  390.1670,  302.9524,  202.7981,    2.6297
  398.7259,  303.3265,  197.9467,    1.7264
  406.0966,  292.0276,  204.1899,    1.7404
  404.9495,  310.5596,  207.2295,    1.5442
  395.1412,  311.4253,  208.9045,    2.8398
  397.8857,  293.0667,  201.8119,    2.2428
  393.6370,  298.3936,  197.8454,    1.6073
  407.1353,  288.6837,  202.2052,    1.8649
  391.8886,  303.7293,  205.9909,    1.7427
  425.1107,  281.4238,  220.2264,    1.4010
  404.0678,  304.6497,  197.0010,    1.6933
  405.5851,  300.3849,  203.4340,    2.0545
  398.3727,  297.9077,  197.4702,    2.3079
  408.1338,  294.3813,  206.7552,    2.0990
  400.2495,  301.9354,  200.4659,    1.5992
  405.5583,  294.2928,  202.6880,    1.9833
  399.5263,  298.4737,  199.0560,    1.5459
  400.4842,  297.2906,  200.4507,    1.4637
  375.9444,  307.9444,  221.3514,    1.8517
  402.1971,  311.1914,  199.2006,    1.7094
  412.3591,  292.1472,  211.0122,    2.8446
  395.0849,  303.0162,  202.4038,    1.9567
  400.7166,  292.9939,  203.5808,    2.1785
  392.6937,  307.6306,  207.6400,    1.8665
  399.0806,  308.7795,  203.3399,    3.0046
  392.5401,  306.5219,  204.1194,    2.0161
  399.1696,  300.4212,  197.9750,    1.7202
  398.4823,  301.2951,  201.1100,    2.3365
  403.5000,  336.5000,  225.2121,    1.4713
  417.0645,  314.1889,  212.8112,    2.2425
  395.9544,  299.9634,  199.6997,    2.1222
  408.0701,  290.6226,  206.3845,    1.9719
  403.3060,  309.5833,  204.7830,    1.9771
  404.7492,  299.5914,  203.2204,    2.1461
  398.3106,  302.9228,  196.7887,    2.5907
  394.3503,  289.7614,  208.3722,    1.8368
  393.5005,  325.5798,  221.9322,    1.4980
  397.3865,  301.9513,  198.9353,    1.5446
  390.1264,  308.3462,  204.1413,    2.8207
  397.2881,  313.0222,  212.8340,    1.9052
  410.4809,  300.0832,  208.9586,    1.9089
  404.1752,  291.8943,  205.0487,    2.1383
  409.5145,  293.1799,  207.2234,    2.0933
  391.0517,  311.3729,  204.7827,    1.8317
  386.7421,  306.5269,  210.8878,    1.9643
  400.0552,  295.2087,  201.7679,    1.7608
  402.5455,  302.4029,  198.9354,    1.4527
  412.5756,  295.9370,  203.5573,    2.1720
  400.3723,  294.5237,  202.6936,    2.3405
  395.3052,  311.1166,  206.4346,    1.7031
  399.5708,  294.2221,  200.1422,    1.7563
  403.1035,  298.6999,  200.9386,    2.5790
  393.9919,  318.9384,  206.5693,    2.9850
  384.7753,  306.5712,  209.9470,    1.8690
  410.4806,  290.7221,  207.4465,    2.3628
  400.0007,  315.5322,  206.9851,    1.8139
  389.4831,  330.7484,  223.0996,    1.6962
  394.5480,  305.7006,  199.2690,    2.5021
  395.7530,  288.3555,  198.2720,    2.0143
  394.5618,  306.5368,  200.5808,    2.0552
  397.3298,  304.4836,  201.6634,    1.4333
  413.0876,  278.5830,  212.0148,    1.9647
  423.0057,  272.7994,  222.6867,    1.6303
  411.3374,  299.8468,  204.5959,    1.5231
  397.4474,  306.6316,  205.6369,    1.6569
  394.1850,  301.3568,  201.7672,    1.8334
  398.7971,  304.1425,  200.8099,    1.6193
  397.4609,  300.7396,  200.0375,    1.5034
  404.2781,  298.9808,  201.3213,    1.9808
  407.6506,  297.4010,  202.5461,    1.6383
  397.9195,  302.9485,  199.6523,    1.6270
  404.6512,  288.8605,  209.0231,    1.9803
  400.3947,  296.0636,  197.6832,    1.7435
  393.3196,  308.9897,  209.4903,    2.3523
  415.9865,  295.6260,  211.6887,    2.7365
  398.1452,  315.9813,  213.6703,    2.5400
  410.0994,  303.1505,  209.5576,    1.4661
  395.9666,  310.7618,  203.8017,    1.9927
  401.5598,  299.7418,  198.4718,    2.1424
  400.2689,  303.4857,  199.4824,    1.6170
  398.8006,  306.3499,  200.0184,    1.8729
  409.1622,  292.2973,  205.2400,    1.7362
  393.1168,  329.1496,  217.1887,    1.8566
  399.9060,  308.8059,  207.6247,    1.4171
  397.0827,  305.7388,  201.9824,    2.3120
  404.9528,  289.6274,  206.0339,    1.7258
  397.8331,  297.2963,  197.5916,    1.7487
  404.4574,  297.3439,  201.8035,    1.7485
  401.7413,  295.4702,  202.8530,    1.8566
  398.0969,  290.2795,  203.7919,    2.4701
  426.7566,  296.7833,  219.1160,    2.2877
  400.4229,  288.1410,  204.7588,    2.4982
  390.4723,  317.2815,  214.3206,    2.0053
  411.3631,  293.1632,  210.9500,    1.7319
  394.0975,  323.5139,  213.0495,    1.6817
  401.2267,  301.0235,  198.0139,    2.2401
  397.1807,  296.9577,  199.7243,    2.3462
  414.4706,  292.2114,  214.4163,    1.8869
  407.0783,  293.1042,  206.5824,    1.8605
  391.1428,  306.1924,  208.3488,    1.6612
  402.4783,  300.5072,  199.4979,    1.9407
  418.0271,  298.1313,  216.2263,    1.8771
  397.2653,  309.0498,  206.4231,    2.2658
  403.8930,  297.8686,  203.3580,    1.6292
  406.5257,  285.8476,  205.9316,    2.2201
  404.7951,  302.7554,  202.9091,    2.0323
  391.0066,  313.7803,  208.7400,    2.2570
  402.8735,  298.4717,  199.5227,    1.9348
  394.5341,  312.2116,  206.2793,    2.6734
  396.9123,  309.0344,  204.2207,    2.5109
  402.3661,  297.7837,  199.0190,    1.7406
  397.0871,  308.0133,  203.0929,    1.5757
  405.6335,  296.8137,  200.4702,    1.7162
  402.2147,  292.5814,  203.1803,    1.8586
  393.7537,  281.8718,  209.8917,    2.6086
  390.7913,  315.2561,  213.8173,    2.0427
  407.8495,  297.8655,  205.5899,    1.8399
  418.8205,  304.4298,  216.7121,    1.8906
  391.5860,  316.8520,  215.0293,    1.5432
  397.1743,  298.9207,  199.7753,    2.2960
  401.2384,  297.4004,  201.4273,    2.2488
  400.2664,  301.4936,  201.0017,    1.8020
  390.5568,  306.2896,  205.3056,    1.9334
  403.9460,  307.1810,  203.7820,    1.7389
  395.8090,  298.0574,  197.9087,    1.5934
  415.6042,  294.5899,  206.8030,    1.7052
  412.5000,  298.7500,  208.2554,    1.5684
  423.5552,  300.4666,  220.8770,    2.2015
  411.9631,  293.2451,  205.5755,    2.3813
  399.3875,  310.2415,  209.2875,    1.8331
  397.8528,  290.7692,  204.0348,    2.4685
  402.5870,  307.4783,  203.6548,    1.7786
  399.3505,  304.2395,  203.8857,    1.7366
  398.0000,  302.0000,  200.0900,    1.6648
  400.8059,  298.4104,  200.1589,    1.3502
  397.2318,  301.5107,  200.8834,    1.7234
  403.7826,  292.9446,  200.9277,    2.1452
  405.7964,  296.8470,  200.1658,    1.6146
  406.8881,  297.9596,  200.3084,    2.5160
  417.8525,  290.6701,  212.4443,    2.1523
  398.5124,  303.1846,  200.7828,    1.4170
  393.1616,  302.9687,  201.9432,    1.6779
  402.6380,  302.4753,  201.1631,    2.1496
  410.0964,  281.3277,  212.3684,    1.7844
  398.3182,  303.3127,  199.3403,    2.5874
  407.7640,  295.8230,  199.7008,    2.0229
  397.9896,  293.9234,  197.8382,    1.8111
  396.1028,  297.5772,  200.5202,    1.8711
  396.2559,  301.6576,  200.1741,    1.6164
  401.0541,  291.7542,  202.7908,    2.2069
  396.2246,  322.2460,  217.1330,    1.4625
  397.6379,  304.1894,  197.4200,    1.7228
  407.6884,  305.9439,  202.8731,    1.9421
  397.2259,  303.6412,  200.2626,    1.6806
  407.8155,  295.7638,  207.0272,    2.0054
  398.7335,  305.7378,  197.6111,    2.0855
  401.5000,  297.5000,  197.7941,    0.0053
  399.0217,  300.0912,  200.0383,    2.0316
  409.2273,  314.6020,  210.0488,    2.2284
  402.5823,  323.0759,  217.8946,    2.1183
  401.5000,  296.0000,  197.7530,    0.0050
  404.6789,  287.7756,  207.5419,    3.2739
  402.3898,  311.1921,  208.9171,    1.4393
  419.2982,  277.1652,  219.2465,    2.5271
  392.9034,  308.9034,  202.1523,    2.2363
  398.5623,  307.9972,  206.0022,    1.5705
  397.5115,  301.6805,  197.4652,    1.8733
  409.6809,  295.4863,  207.2887,    1.5907
  393.9188,  304.9494,  201.2107,    2.0497
  400.9461,  288.4207,  202.6180,    1.6548
  437.2926,  298.0253,  226.7573,    1.7728
  402.7076,  287.8051,  207.8570,    1.5928
  388.9795,  312.9126,  206.0754,    1.8613
  411.7797,  299.8388,  207.3854,    2.1502
  413.8269,  294.0124,  213.9184,    1.9267
  390.9884,  313.3181,  210.3133,    2.5211
  401.0120,  299.1651,  198.6472,    2.0488
  401.5928,  297.3019,  201.0538,    2.1425
  400.6157,  298.9021,  200.0849,    2.4158
  390.1774,  307.5161,  209.0256,    2.0257
  375.8111,  317.9425,  210.5658,    1.5481
  425.2165,  313.3289,  215.7342,    1.2702
  413.0920,  304.3182,  204.4680,    1.8186
  405.7029,  303.0251,  197.6255,    1.5311
  404.3827,  299.0312,  201.9968,    2.2053
  400.5000,  299.5000,  197.8952,    0.0046
  400.2442,  305.9227,  201.9576,    1.7475
  417.0037,  290.3007,  218.6315,    1.6403
  399.3040,  298.0352,  199.0706,    1.8112
  408.5246,  293.8065,  208.1738,    3.4719
  391.6292,  303.3367,  205.7723,    2.1357
  408.4124,  317.3649,  214.7342,    1.3263
  397.8921,  315.9178,  209.6419,    1.7211
  390.5055,  280.8384,  210.5528,    2.0385
  417.0406,  294.0479,  209.0340,    1.9983
  401.0000,  305.0000,  198.0101,    2.2346
  389.5288,  308.8001,  203.8151,    1.8927
  405.0512,  296.0146,  203.5341,    2.5016
  391.2804,  309.0000,  206.2551,    2.4324
  404.4631,  288.8278,  209.0463,    1.5696
  401.8253,  304.3708,  201.7794,    2.3830
  401.6503,  293.2525,  203.3056,    1.7568
  412.3535,  296.0828,  211.9290,    2.1777
  385.1852,  301.3122,  205.9261,    1.9715
  400.0000,  315.1111,  212.9207,    1.9463
  404.4486,  295.3992,  202.9414,    1.4197
  410.4704,  293.8380,  205.4855,    1.6698
  400.5157,  313.5220,  209.1591,    2.3367
  400.5069,  299.6081,  198.7762,    2.3803
  395.4520,  308.9209,  208.3969,    1.9119
  398.1097,  302.7169,  198.7201,    1.8789
  396.8144,  299.5120,  197.6350,    1.9637
  395.7579,  311.8569,  205.9553,    2.6153
  395.3948,  313.7872,  202.3150,    2.0020
  400.9504,  295.3349,  200.2674,    1.8020
  399.6710,  301.4208,  198.5595,    2.2815
  396.5500,  302.0000,  197.7941,    2.0679
  396.8576,  307.4005,  204.6064,    1.5392
  404.2549,  298.2448,  203.2756,    1.9156
  385.8214,  319.0357,  211.3990,    2.0978
  408.6932,  310.7506,  208.0701,    1.7288
  400.2923,  304.1754,  200.7020,    1.5355
  406.7660,  300.0000,  203.3640,    2.4393
  401.6530,  313.1807,  208.2108,    1.7261
  410.0570,  304.1937,  202.6154,    2.4491
  394.3918,  310.0704,  204.0713,    1.5008
  400.8172,  297.9759,  199.6511,    2.0426
  405.0408,  300.0204,  202.3174,    1.9534
  399.8328,  308.7250,  205.9750,    2.3106
  407.2226,  283.7498,  206.3257,    1.9136
  402.2206,  313.9975,  209.2733,    2.3479
  413.3888,  301.3100,  209.4150,    2.5623
  398.0970,  303.6304,  203.0609,    2.3430
  392.5940,  318.1848,  213.2343,    1.9507
  386.6471,  304.1765,  202.3332,    1.9710
  397.2156,  293.6707,  194.4395,    2.4198
  409.5008,  294.2812,  202.6216,    1.8746
  402.1368,  309.2929,  202.3042,    1.8635
  400.8993,  306.2482,  200.9152,    2.5506
  397.0000,  303.4706,  202.6264,    1.8372
  409.1282,  294.6608,  208.6803,    2.1392
  387.0826,  307.2507,  207.6226,    1.8317
  402.2669,  309.2325,  204.8153,    3.0087
  383.8881,  316.4153,  209.0250,    1.6966
  411.6817,  291.9790,  212.0479,    1.6701
  402.4692,  305.7165,  202.2306,    1.9710
  402.0073,  299.4188,  199.8178,    2.2660
  401.3400,  301.9169,  198.4998,    2.1889
  408.1771,  297.7748,  202.0963,    1.4474
  403.7573,  293.2272,  205.8754,    2.4559
  418.5283,  292.0348,  215.7718,    1.7131
  415.0263,  299.8355,  209.7860,    1.7969
  392.8969,  317.2384,  207.4268,    1.5092
  407.8412,  301.2618,  200.2070,    1.9137
  394.6754,  315.9906,  212.0011,    1.8547
  417.9301,  298.2239,  216.3519,    2.6505
  403.9494,  325.8015,  218.2440,    1.7667
  391.8420,  313.7439,  209.1781,    1.8815
  395.5000,  301.5000,  198.6114,    0.0035
  405.4258,  310.7032,  205.3256,    1.9126
  407.1175,  287.0144,  209.8273,    1.5780
  402.3754,  299.1262,  200.4823,    1.8807
  412.3118,  295.3287,  204.6235,    1.8628
  398.8647,  304.9569,  202.9255,    1.6158
  402.3636,  310.0000,  206.6020,    1.2216
  404.5000,  301.5000,  199.0641,    0.0036
  393.5626,  304.6819,  203.1570,    1.6755
  415.4733,  283.4265,  220.3534,    1.8547
  412.0714,  288.0319,  210.1114,    1.7876
  403.1849,  301.0360,  200.3615,    2.0468
  410.4808,  295.8693,  206.4049,    2.4607
  396.8901,  299.1886,  198.2877,    1.9006
  397.8966,  322.4483,  214.6212,    1.9212
  388.2208,  306.8213,  206.1291,    1.4306
  397.9947,  312.3619,  208.9375,    2.3103
  411.2118,  289.6353,  212.8829,    2.2706
  391.0295,  308.8411,  208.8899,    2.3772
  414.0909,  299.5455,  210.5213,    2.2379
  400.3731,  291.6574,  204.9094,    1.9193
  406.4588,  321.7504,  218.7729,    2.0860
  409.3392,  300.0066,  204.3611,    1.7698
  405.5532,  300.6133,  200.6975,    1.8367
  386.4470,  299.6646,  205.2728,    1.6567
  395.9508,  287.7433,  205.2140,    1.6566
  416.3255,  292.8543,  212.6693,    1.8651
  398.2985,  304.2027,  199.3522,    2.1760
  395.6667,  301.2222,  200.5145,    2.5539
  392.6453,  324.7776,  214.2108,    2.3155
  421.1293,  290.9165,  214.8257,    2.6525
  396.7745,  311.9211,  209.8295,    2.5734
  399.7062,  293.3318,  200.8493,    1.4566
  405.5249,  318.9334,  210.5030,    2.8166
  393.5456,  320.8388,  220.8679,    1.6637
  402.2877,  289.1462,  206.5767,    2.5161
  406.7857,  296.8367,  204.0557,    2.3713
  405.6981,  303.4919,  204.0685,    2.0730
  424.9328,  299.5378,  211.2694,    2.3238
  395.5664,  300.4428,  200.7550,    2.4712
  410.8279,  291.1088,  209.5511,    2.4410
  406.2563,  293.4493,  204.2506,    1.6577
  407.7245,  303.1052,  203.2386,    1.7635
  408.3422,  298.3272,  207.3485,    1.6693
  408.5988,  298.0218,  205.8856,    1.9911
  413.2583,  301.3028,  210.1312,    1.9504
  396.1989,  296.5091,  197.1772,    1.6624
  405.7337,  289.8538,  208.8871,    1.9278
  419.2450,  295.6225,  211.9239,    2.3698
  405.8982,  297.0623,  203.7877,    1.6785
  401.7669,  311.4581,  202.7039,    1.8932
  400.7725,  301.8077,  199.8092,    2.0410
  395.8140,  302.9823,  201.0076,    1.8772
  399.7137,  297.3862,  201.1552,    1.6305
  401.5227,  294.1241,  200.4568,    1.7613
  421.3028,  297.8376,  209.3664,    2.0188
  411.4322,  287.7204,  207.7102,    2.2149
  390.7293,  297.2987,  203.4326,    2.1290
  393.9492,  306.7055,  208.4978,    1.8791
  395.9660,  311.8899,  203.9942,    1.9793
  391.1754,  307.9704,  207.8986,    1.6417
  406.0177,  291.1856,  203.0723,    1.9412
  401.3944,  300.3537,  200.0267,    2.1761
  409.5852,  306.2814,  206.1773,    1.9644
  405.7936,  295.3454,  201.8293,    2.1504
  405.5500,  292.2625,  208.6003,    1.6810
  395.2071,  310.8936,  204.9207,    2.0982
  410.5774,  304.6376,  208.3124,    2.7678
  394.1484,  303.3942,  201.4507,    2.1250
  404.4788,  292.7573,  207.3462,    1.8799
  389.0153,  319.1553,  215.7775,    1.6987
  409.8954,  294.7024,  210.6313,    2.3402
  394.4962,  310.1752,  206.7852,    1.9640
  399.2082,  283.6528,  203.5444,    1.9709
  393.3187,  302.8369,  205.2006,    1.4930
  409.3644,  298.5248,  202.2065,    2.7729
  387.5907,  310.4505,  204.4593,    1.4832
  399.8636,  307.4673,  205.5697,    1.5158
  393.0451,  317.6810,  210.8754,    2.0453
  396.7869,  303.0966,  198.7575,    2.6637
  402.3500,  305.0000,  202.2457,    1.8656
  399.5000,  300.0000,  198.0107,    0.0038
  391.6659,  306.6342,  205.3151,    2.4687
  402.0000,  306.5000,  196.1103,    0.0048
  403.6364,  290.0152,  204.1102,    1.8976
  394.3733,  302.9892,  201.5797,    1.6816
  410.8909,  304.8909,  210.3687,    2.0677
  392.5606,  308.6536,  206.9490,    3.9331
  399.7789,  299.3823,  198.8449,    2.2142
  406.6881,  306.5709,  204.0407,    1.8832
  398.9982,  312.9017,  206.9353,    1.7395
  396.4132,  310.2588,  209.3963,    2.4437
  405.8473,  306.4105,  202.4138,    2.2244
  413.7609,  291.4565,  207.2656,    1.8022
  401.0282,  306.4769,  204.9570,    2.0042
  412.6490,  301.8999,  207.5732,    1.9292
  424.8399,  281.1353,  220.7862,    1.6472
  405.8389,  297.5205,  199.2912,    1.5329
  406.3654,  304.3143,  200.1661,    1.3742
  403.4877,  316.4054,  211.3202,    1.5881
  411.3704,  294.6420,  208.6504,    2.5344
  406.4030,  288.5656,  206.4308,    2.6299
  411.9340,  293.5099,  210.2250,    2.0389
  396.0000,  299.5000,  195.5409,    0.0044
  403.0000,  293.8000,  203.7082,    1.9366
  406.6341,  289.4634,  204.8121,    2.7752
  400.5000,  303.5000,  197.3537,    0.0046
  378.8543,  306.6229,  218.8537,    2.7620
  389.5477,  317.0530,  211.1456,    1.4627
  412.9252,  285.6883,  206.2667,    1.8851
  401.9412,  298.6471,  200.9393,    2.1853
  402.1870,  309.5949,  204.1278,    2.3853
  415.9795,  295.7077,  212.1075,    1.4718
  402.8333,  306.1667,  203.8187,    1.4682
  400.8591,  293.6846,  200.6443,    2.6698
  391.7302,  308.1735,  206.0764,    1.6069
  396.5917,  307.0849,  205.3675,    2.2949
  400.6391,  303.7719,  200.3657,    2.5904
  399.4071,  309.1775,  204.9940,    1.4698
  398.2696,  284.9586,  210.0304,    1.7346
  410.2162,  290.2162,  205.3019,    2.5716
  403.2737,  305.1589,  203.9507,    1.4966
  405.4521,  292.3014,  204.1830,    2.1232
  397.2820,  309.6165,  209.2342,    3.8029
  396.5953,  299.4742,  198.9714,    2.7049
  407.9451,  310.4867,  204.6822,    1.6759
  401.6960,  298.8624,  200.6986,    1.7304
  406.5079,  288.9625,  207.8338,    1.7438
  408.9740,  296.0458,  207.1387,    2.4855
  397.7157,  304.1033,  200.5107,    1.9382
  377.4670,  297.9650,  206.6449,    1.5588
  388.4939,  319.9230,  208.5607,    1.7755
  399.8716,  297.2673,  200.6413,    1.8361
  402.5221,  290.4418,  205.9864,    1.5028
  403.5902,  292.2459,  204.8331,    1.8256
  398.7595,  308.0291,  202.0641,    3.0105
  400.5971,  299.5742,  197.2538,    2.0050
  398.6611,  306.6854,  198.6553,    2.1221
  400.0000,  302.0000,  198.1237,    0.0042
  407.8037,  301.9618,  201.2599,    1.8031
  411.8474,  298.1012,  205.8602,    1.7035
